CAS RN,SMILES,LogVP
SRC003-80-1,COC(F)(F)C(F)(F)C(F)(F)F,2.75
SRC003-80-0,COC(F)(F)C(F)(F)F,3.21
182346-21-0,Brc1cc(Br)c(cc1)Oc1ccc(Br)c(Br)c1Br,-8.14
162853-25-0,Clc1c(Oc2ccccc2)c(Cl)ccc1Cl,-3.55
162853-24-9,Clc1cc(Oc2ccccc2)c(Cl)c(Cl)c1,-3.66
160791-64-0,CC(C)C(C(=O)OC(C#N)c1cccc(c1)Oc1ccc(Br)cc1)c1ccc(cc1)OC(F)F,-8.92
157683-72-2,Clc1ccc(cc1)Oc1c(Cl)cccc1Cl,-3.66
157683-71-1,Clc1ccc(cc1)Oc1cccc(Cl)c1Cl,-3.94
155999-93-2,Clc1cc(Cl)c(cc1)Oc1cc(Cl)ccc1,-3.74
150824-47-8,CCN(Cc1c[n]c(Cl)cc1)/C(=C/[N+]([O-])=O)/NC,-11.09
150224-24-1,Clc1cc2c(c(Cl)c1Cl)c(Cl)ccc2Cl,-6
149877-41-8,COc1ccc(cc1NNC(=O)OC(C)C)-c1ccccc1,-7.12
142459-58-3,CC(C)N(C(=O)COc1[n][n]c([s]1)C(F)(F)F)c1ccc(F)cc1,-6.17
141112-29-0,CS(=O)(=O)c1cc(ccc1C(=O)c1c[n]oc1C1CC1)C(F)(F)F,-8.12
138164-12-2,CCCC(=O)c1c(C)cc(C)c(C2CC(=O)C(=C(O)C2)C(CC)=NOCC)c1C,-8.12
136426-54-5,O=C1c2cc(F)ccc2N=C(N1c1ccc(Cl)cc1Cl)[n]1c[n]c[n]1,-10.32
136191-64-5,CC(=NOC)c1cccc(Oc2[n]c(cc([n]2)OC)OC)c1C(=O)OC,-6.64
135590-91-9,CC1(CC(=NN1c1ccc(Cl)cc1Cl)C(=O)OCC)C(=O)OCC,-7.33
133408-50-1,CO/N=C(/C(O)=NC)\c1ccccc1Oc1ccccc1,-6.87
133220-30-1,CCC1(CC2(CO2)c2cc(Cl)ccc2)C(=O)c2ccccc2C1=O,-7.7
131860-33-8,COC(=O)/C(=C/OC)/c1ccccc1Oc1cc([n]c[n]1)Oc1ccccc1C#N,-12.08
131341-86-1,N#Cc1c[nH]cc1-c1cccc2OC(F)(F)Oc21,-8.53
130339-07-0,Cc1[n]c[n]c(NC(CC)c2ccc(cc2)OC(F)F)c1Cl,-5.62
128639-02-1,CC1=NN(c2cc(CC(Cl)C(=O)OCC)c(Cl)cc2F)C(=O)N1C(F)F,-6.92
125306-83-4,Cc1cc(C)c(c(C)c1)S(=O)(=O)c1[n][n](c[n]1)C(=O)N(CC)CC,-10.65
125225-28-7,CC(C)C1CCC(Cc2ccc(Cl)cc2)C1(O)C[n]1c[n]c[n]1,-7.4
125116-23-6,CC1(C)CCC(Cc2ccc(Cl)cc2)C1(O)C[n]1c[n]c[n]1,-7.03
122931-48-0,CCS(=O)(=O)c1ccc[n]c1S(=O)(=O)NC(=O)Nc1[n]c(cc([n]1)OC)OC,-7.95
122836-35-5,CC1=NN(C(=O)N1C(F)F)c1cc(NS(C)(=O)=O)c(Cl)cc1Cl,-9.01
122548-33-8,COc1cc([n]c(N=C(O)NS(=O)(=O)c2c(Cl)[n]c3cccc[n]32)[n]1)OC,-9.47
121552-61-2,Cc1cc([n]c(Nc2ccccc2)[n]1)C1CC1,-5.43
120928-09-8,CC(C)(C)c1ccc(CCOc2[n]c[n]c3ccccc32)cc1,-7.59
120923-37-7,CS(=O)(=O)N(C)S(=O)(=O)NC(O)=Nc1[n]c(cc([n]1)OC)OC,-6.78
120068-37-3,Nc1c(c(C#N)[n][n]1-c1c(Cl)cc(cc1Cl)C(F)(F)F)S(=O)C(F)(F)F,-8.56
119738-06-6,CC(Oc1ccc(cc1)Oc1c[n]c2cc(Cl)ccc2[n]1)C(=O)OCC1CCCO1,-7.23
119446-68-3,CC1COC(C[n]2c[n]c[n]2)(O1)c1ccc(cc1Cl)Oc1ccc(Cl)cc1,-9.6
118712-89-3,CC1(C)[C@@H]([C@H]1C=C(Cl)Cl)C(=O)OCc1c(F)c(F)cc(F)c1F,-5.52
118134-30-8,CC(C)(C)C1CCC2(CC1)OC(CO2)CN(CCC)CC,-3.89
117718-60-2,CC(C)Cc1c(C2=NCCS2)c([n]c(C(F)F)c1C(=O)OC)C(F)(F)F,-5.65
116255-48-2,Clc1cc(Cl)c(cc1)C1(CC(Br)CO1)C[n]1c[n]c[n]1,-7.52
114369-43-6,N#CC(C[n]1c[n]c[n]1)(CCc1ccc(Cl)cc1)c1ccccc1,-7.43
113158-40-0,C[C@H](Oc1ccc(cc1)Oc1[n]c2ccc(Cl)cc2o1)C(O)=O,-5.87
112281-77-3,FC(F)C(F)(F)OCC(C[n]1c[n]c[n]1)c1ccc(Cl)cc1Cl,-5.87
112143-82-5,CN(C)C(=O)[n]1[n]c([n]c1SCC(=O)OCC)C(C)(C)C,-6.92
111872-58-3,CC(C)(COCc1cc(ccc1)Oc1ccccc1)c1ccc(cc1)OC(F)(F)Br,-8.23
111578-32-6,CC1(C)CC(C)(Oc2cc(ccc12)Oc1ccc(cc1)NC(=O)N(C)OC)OC,-4.73
111479-05-1,CC(C)=NOCCOC(=O)[C@@H](C)Oc1ccc(cc1)Oc1c[n]c2cc(Cl)ccc2[n]1,-11.48
110488-70-5,COc1ccc(cc1OC)C(=CC(=O)N1CCOCC1)c1ccc(Cl)cc1,-8.13
107713-58-6,CCOc1ccc(cc1)C(COCc1cc(ccc1)Oc1ccc(Cl)cc1)C(F)(F)F,-9.01
107534-96-3,CC(C)(C)C(O)(C[n]1c[n]c[n]1)CCc1ccc(Cl)cc1,-7.89
105908-71-2,Brc1cccc2Oc3ccccc3Oc21,-4.58
105836-96-2,Brc1cc2Oc3cc(Br)ccc3Oc2cc1,-5.89
105512-06-9,C[C@@H](Oc1ccc(cc1)Oc1[n]cc(Cl)cc1F)C(=O)OCC#C,-7.62
105024-66-6,CCOc1ccc(cc1)[Si](C)(C)CCCc1ccc(F)c(c1)Oc1ccccc1,-7.73
103426-97-7,Clc1cc2c(cc(Cl)c(Cl)c2Cl)c(Cl)c1Cl,-6.46
103426-96-6,Clc1cc2c(cc1Cl)c(Cl)c(Cl)c(Cl)c2Cl,-6.46
103426-94-4,Clc1cc2c(c(Cl)c1Cl)c(Cl)c(Cl)cc2Cl,-6.46
103112-35-2,CCOC(=O)c1[n]c([n]([n]1)-c1ccc(Cl)cc1Cl)C(Cl)(Cl)Cl,-8.18
101903-30-4,CCC(C(=O)OCCCC=C)N(Cc1ccco1)C(=O)[n]1c[n]cc1,-5.31
101714-96-9,Ic1cc2Oc3ccccc3Oc2cc1,-4.5
101200-48-0,Cc1[n]c([n]c([n]1)OC)N(C)C(=O)NS(=O)(=O)c1ccccc1C(=O)OC,-9.41
101007-06-1,CC1(C)[C@@H]([C@@H]1/C=C\C(=O)OC(C(F)(F)F)C(F)(F)F)C(=O)O[C@H](C#N)c1cc(ccc1)Oc1ccccc1,-9.48
99607-70-2,CCCCCC(C)OC(=O)COc1ccc(Cl)c2ccc[n]c12,-7.4
98967-40-9,Cc1cc[n]2[n]c([n]c2[n]1)S(=O)(=O)Nc1c(F)cccc1F,-11.56
98886-44-3,CC(CC)SP(=O)(OCC)N1CCSC1=O,-5.38
98730-04-2,CC1COc2ccccc2N1C(=O)C(Cl)Cl,-5.35
96489-71-3,CC(C)(C)N1N=CC(SCc2ccc(cc2)C(C)(C)C)=C(Cl)C1=O,-5.93
96182-53-5,CCOP(=S)(Oc1c[n]c([n]c1)C(C)(C)C)OC(C)C,-4.43
95737-68-1,CC(COc1ccc(cc1)Oc1ccccc1)Oc1cccc[n]1,-5.66
95266-40-3,CCOC(=O)C1CC(=O)C(=C(O)C2CC2)C(=O)C1,-4.79
94361-06-5,CC(C1CC1)C(O)(C[n]1c[n]c[n]1)c1ccc(Cl)cc1,-6.59
94050-52-9,O=C(Nc1ccc(CO/N=C(\C2CC2)/c2ccc(Cl)cc2)cc1)NC(=O)c1c(F)cccc1F,-9.39
91371-14-1,Brc1cccc2Oc3c(cccc3Br)Oc12,-5.95
90948-28-0,Clc1cc(Cl)c(Cl)c2c1c(Cl)c(Cl)cc2Cl,-6.46
89269-64-7,C/C(=N/Nc1[n]c(C)cc(C)[n]1)/c1ccccc1C,-7.51
88283-41-4,CON=C(Cc1c[n]ccc1)c1ccc(Cl)cc1Cl,-4.89
87820-88-0,Cc1cc(C)c(C2CC(O)=C(C(=O)C2)C(CC)=NOCC)c(C)c1,-8.56
87237-48-7,CCOCCOC(=O)C(C)Oc1ccc(cc1)Oc1[n]cc(cc1Cl)C(F)(F)F,-10.91
87130-20-9,CC(C)OC(=O)Nc1cc(OCC)c(cc1)OCC,-4.2
86811-58-7,O=C(Nc1cc(Oc2[n]cc(cc2Cl)C(F)(F)F)c(Cl)cc1)NC(=O)c1c(F)cccc1F,-12.05
86598-92-7,Clc1cc(Cl)c(cc1)N=C(C[n]1c[n]c[n]1)SCc1ccc(Cl)cc1,-9.2
86479-06-3,O=C(Nc1cc(Cl)c(OC(F)(F)C(F)F)c(Cl)c1)NC(=O)c1c(F)cccc1F,-6.35
85785-20-2,CC(C)C(C)N(CC)C(=O)SCc1ccccc1,-5.12
83704-30-7,Clc1cccc2c1oc1c2cc(Cl)c(Cl)c1Cl,-7.4
83657-24-3,CC(C)(C)C(O)/C(=C\c1ccc(Cl)cc1Cl)/[n]1c[n]c[n]1,-4.43
83657-17-4,CC(C)(C)[C@H](O)/C(=C\c1ccc(Cl)cc1)/[n]1c[n]c[n]1,-4.29
83130-01-2,CN(SN(CCC(=O)OCC)Cc1ccccc1)C(=O)O/N=C(/C)\SC,-7.46
83121-18-0,O=C(Nc1cc(Cl)c(F)c(Cl)c1F)NC(=O)c1c(F)cccc1F,-11.22
83055-99-6,COC(=O)c1ccccc1CS(=O)(=O)NC(=O)Nc1[n]c(cc([n]1)OC)OC,-13.68
82560-54-1,CN(SN(CCC(=O)OCC)C(C)C)C(=O)Oc1cccc2CC(C)(C)Oc12,-6.7
82558-50-7,CC(CC)(CC)c1cc(NC(=O)c2c(cccc2OC)OC)o[n]1,-8.38
81777-89-1,CC1(C)CON(Cc2ccccc2Cl)C1=O,-3.84
81406-37-3,CCCCCCC(C)OC(=O)COc1[n]c(F)c(Cl)c(N)c1Cl,-8
79983-71-4,CCCCC(O)(C[n]1c[n]c[n]1)c1ccc(Cl)cc1Cl,-6.87
79277-27-3,Cc1[n]c(NC(=O)NS(=O)(=O)c2cc[s]c2C(=O)OC)[n]c([n]1)OC,-9.89
77732-09-3,COCC(=O)N(c1c(C)cccc1C)N1CCOC1=O,-7.61
77458-01-6,CCOP(=O)(Oc1c[n]([n]c1)-c1ccc(Cl)cc1)SCCC,-7.92
76674-21-0,OC(C[n]1c[n]c[n]1)(c1ccccc1F)c1ccc(F)cc1,-10.27
74782-23-3,N#C/C(=N\OCC1OCCO1)/c1ccccc1,-5.4
74738-17-3,N#Cc1c[nH]cc1-c1cccc(Cl)c1Cl,-7.08
74115-24-5,Clc1ccccc1-c1[n][n]c([n][n]1)-c1ccccc1Cl,-9.01
74051-80-2,CC(CC1CC(O)=C(C(=O)C1)C(CCC)=NOCC)SCC,-6.8
73250-68-7,CN(C(=O)COc1[n]c2ccccc2[s]1)c1ccccc1,-8.32
72963-72-5,CC(C)=C[C@@H]1[C@@H](C(=O)OCN2C(=O)CN(CC#C)C2=O)C1(C)C,-7.87
72490-01-8,CCOC(=O)NCCOc1ccc(cc1)Oc1ccccc1,-8.2
72459-58-6,O=[N+]1[N-]C(=Nc2ccc(Cl)cc12)[n]1c[n]cc1,-8.65
71626-11-4,COC(=O)C(C)N(c1c(C)cccc1C)C(=O)Cc1ccccc1,-5
71561-11-0,Cc1[n][n](C)c(OCC(=O)c2ccccc2)c1C(=O)c1ccc(Cl)cc1Cl,-6.44
71283-80-2,CCOC(=O)[C@@H](C)Oc1ccc(cc1)Oc1[n]c2ccc(Cl)cc2o1,-7.52
69948-24-9,FCC(F)(F)OC(F)F,2.57
69806-50-4,CCCCOC(=O)C(C)Oc1ccc(cc1)Oc1ccc(c[n]1)C(F)(F)F,-6.5
69806-40-2,COC(=O)C(C)Oc1ccc(cc1)Oc1[n]cc(cc1Cl)C(F)(F)F,-5.22
69327-76-0,CC(C)(C)N=C1SCN(C(=O)N1C(C)C)c1ccccc1,-5.03
68914-97-6,Clc1cc(Cl)c(cc1)Oc1ccccc1Cl,-3.73
68694-11-1,CCCOC/C(=N\c1ccc(Cl)cc1C(F)(F)F)/[n]1c[n]cc1,-5.85
68157-60-8,O=C(Nc1ccccc1)Nc1cc(Cl)[n]cc1,-9.46
68085-85-8,CC1(C)[C@H]([C@H]1/C=C(\Cl)/C(F)(F)F)C(=O)O[C@H](C#N)c1cccc(c1)Oc1ccccc1,-8.47
68049-83-2,C#CCOc1cc(c(Cl)cc1Cl)N1N=C2CCCCN2C1=O,-11.12
67922-21-8,Clc1cc2c(cc1)c(Cl)cc(Cl)c2Cl,-5.07
67747-09-5,CCCN(CCOc1c(Cl)cc(Cl)cc1Cl)C(=O)[n]1cc[n]c1,-5.95
67562-39-4,Clc1cc2c(oc3c2c(Cl)c(Cl)c(Cl)c3Cl)c(Cl)c1Cl,-10.45
67485-29-4,CC1(C)CNC(NC1)=NN=C(/C=C/c1ccc(cc1)C(F)(F)F)/C=C/c1ccc(cc1)C(F)(F)F,-7.69
67481-22-5,Clc1cc(Cl)c2oc3c(cc(Cl)c(Cl)c3Cl)c2c1,-8.73
67028-18-6,Clc1cc2Oc3cc(Cl)c(Cl)c(Cl)c3Oc2cc1,-8.12
66841-25-6,CC1(C)[C@H]([C@H]1C(=O)O[C@H](C#N)c1cccc(c1)Oc1ccccc1)C(Br)C(Br)(Br)Br,-10.44
66794-60-3,Clc1cc(ccc1)Oc1cc(Cl)c(Cl)cc1,-3.91
66246-88-6,CCCC(C[n]1c[n]c[n]1)c1ccc(Cl)cc1Cl,-5.56
66215-27-8,Nc1[n]c(NC2CC2)[n]c(N)[n]1,-8.47
66121-41-3,Nc1ccc(c2c1C(=O)c1c(c(Cl)ccc1Cl)C2=O)[N+]([O-])=O,-12.4
65907-30-4,CCCCOC(=O)N(C)SN(C)C(=O)Oc1cccc2CC(C)(C)Oc12,-7.53
65075-00-5,Clc1ccc(Cl)cc1Oc1ccc(Cl)cc1,-3.76
64902-72-3,Cc1[n]c(NC(=O)NS(=O)(=O)c2ccccc2Cl)[n]c([n]1)OC,-10.65
64560-17-4,Clc1cc(Cl)c2c3c(cc(Cl)cc3Cl)oc2c1,-7.73
64532-97-4,CCCCCCCCCc1ccc(cc1)OP(=O)(Oc1ccccc1)Oc1ccccc1,-7.72
64529-56-2,CCSC1=NN=C(C(=O)N1N)C(C)(C)C,-5.12
63782-90-1,CC(C)OC(=O)[C@@H](C)N(c1cc(Cl)c(F)cc1)C(=O)c1ccccc1,-6.2
63729-98-6,COC(=O)[C@@H](C)N(c1cc(Cl)c(F)cc1)C(=O)c1ccccc1,-5.12
63646-51-5,Clc1ccc(cc1)Oc1cc(Cl)c(Cl)cc1,-3.98
63278-33-1,N#CC(=NOCC#N)c1ccccc1,-0.46
62924-70-3,CCN(Cc1c(F)cccc1Cl)c1c(cc(cc1[N+]([O-])=O)C(F)(F)F)[N+]([O-])=O,-6.62
62850-32-2,CN(C)C(=O)SCCCCOc1ccccc1,-5.9
62308-10-5,Cc1cc(N)ccc1N=Nc1ccc(cc1)[N+]([O-])=O,-9.15
62016-75-5,CCCCCCCCCCCCCCCCCCl,-4.34
61676-87-7,Cc1cc(C)c(cc1)N=C1SC=CN1C,-4.74
61328-44-7,Clc1cc(ccc1Cl)Oc1ccccc1Cl,-3.85
61213-25-0,O=C1C(Cl)C(CN1c1cc(ccc1)C(F)(F)F)CCl,-5.48
60348-60-9,Brc1cc(Br)c(cc1)Oc1cc(Br)c(Br)cc1Br,-7.51
60168-88-9,OC(c1ccccc1Cl)(c1ccc(Cl)cc1)c1c[n]c[n]c1,-6.65
59756-60-4,CN1C=C(C(=O)C(=C1)c1ccccc1)c1cc(ccc1)C(F)(F)F,-7.01
59669-26-0,CN(SN(C)C(=O)O/N=C(\C)/SC)C(=O)O/N=C(\C)/SC,-4.15
58863-14-2,Clc1cc2c(c(Cl)c(Cl)c(Cl)c2Cl)c(Cl)c1Cl,-7.07
58810-48-3,Cc1cccc(C)c1N(C1CCOC1=O)C(=O)CCl,-6.82
58802-20-3,Clc1ccc2oc3cc(Cl)c(Cl)cc3c2c1Cl,-7.74
58802-08-7,Clc1cc(Cl)c(Cl)c2Oc3cc(Cl)c(Cl)cc3Oc12,-9.23
58705-93-4,COCC(F)(F)C(F)C(F)(F)F,1.79
57966-95-7,CCNC(=O)NC(=O)/C(/C#N)=N/OC,-5.95
57653-85-7,Clc1cc2Oc3c(cc(Cl)c(Cl)c3Cl)Oc2c(Cl)c1Cl,-10.44
57646-30-7,COC(=O)C(C)N(c1c(C)cccc1C)C(=O)c1ccco1,-6.28
57117-42-7,Clc1cc2oc3c(ccc(Cl)c3Cl)c2c(Cl)c1Cl,-8.65
57117-41-6,Clc1c(Cl)c2c(cc1Cl)oc1cc(Cl)c(Cl)cc12,-8.76
57117-39-2,Clc1ccc2c(oc3cc(Cl)c(Cl)cc23)c1Cl,-7.68
57117-37-0,Clc1cc2c(oc3cc(Cl)c(Cl)cc32)c(Cl)c1,-7.71
57117-31-4,Clc1c(Cl)c2oc3cc(Cl)c(Cl)cc3c2cc1Cl,-8.58
57057-83-7,COc1c(O)cc(Cl)c(Cl)c1Cl,-3.05
57041-67-5,FC(F)OC(F)C(F)(F)F,2.82
57018-04-9,Cc1cc(Cl)c(OP(=S)(OC)OC)c(Cl)c1,-3.37
56425-91-3,CC(C)C(O)(c1ccc(cc1)OC(F)(F)F)c1c[n]c[n]c1,-6.44
55814-41-0,Cc1ccccc1C(=O)Nc1cc(ccc1)OC(C)C,-6.38
55538-69-7,Clc1ccc(cc1Cl)Oc1ccccc1,-3.19
55512-33-9,CCCCCCCCSC(=O)Oc1cc(Cl)[n][n]c1-c1ccccc1,-9.01
55335-06-3,OC(=O)COc1[n]c(Cl)c(Cl)cc1Cl,-5.9
55312-69-1,Clc1ccccc1-c1cc(Cl)c(Cl)c(Cl)c1Cl,-4.16
55290-64-7,CC1=C(C)S(=O)(=O)CCS1(=O)=O,-6.42
55283-68-6,CC(=C)CN(CC)c1c(cc(cc1[N+]([O-])=O)C(F)(F)F)[N+]([O-])=O,-4.06
55219-65-3,CC(C)(C)C(O)C(Oc1ccc(Cl)cc1)[n]1c[n]c[n]1,-9.51
54593-83-8,CCOP(=S)(OC(Cl)C(Cl)(Cl)Cl)OCC,-3.1
53555-65-0,Clc1cc(Cl)c2cc(Cl)c(Cl)c(Cl)c2c1,-5.68
53555-63-8,Clc1cccc2c1cc(Cl)c(Cl)c2Cl,-4.96
53112-28-0,Cc1cc(C)[n]c(Nc2ccccc2)[n]1,-4.78
52888-80-9,CCCN(CCC)C(=O)SCc1ccccc1,-6.29
52704-70-8,Clc1c(cccc1Cl)-c1c(Cl)c(Cl)cc(Cl)c1Cl,-5.96
52663-71-5,Clc1cc(Cl)c(-c2ccc(Cl)c(Cl)c2Cl)c(Cl)c1Cl,-5.85
52645-53-1,CC1(C)C(C1C=C(Cl)Cl)C(=O)OCc1cccc(c1)Oc1ccccc1,-7.66
52570-16-8,CC(Oc1cc2ccccc2cc1)C(O)=Nc1ccccc1,-10.68
51892-26-3,Clc1cc(Cl)c(cc1)Oc1ccccc1,-3.04
51707-55-2,O=C(Nc1ccccc1)Nc1c[n][n][s]1,-10.64
51630-58-1,CC(C)C(C(=O)OC(C#N)c1cc(ccc1)Oc1ccccc1)c1ccc(Cl)cc1,-8.82
51249-05-9,CCCCNC1(CCCCC1)P(=O)(OCCCC)OCCCC,-3.12
51235-04-2,CN(C)C1=NC(=O)N(C2CCCCC2)C(=O)N1C,-6.65
51218-49-6,CCCOCCN(C(=O)CCl)c1c(CC)cccc1CC,-6
50782-69-9,CCOP(C)(=O)SCCN(C(C)C)C(C)C,-3.15
50623-57-9,CCCCOC(=O)CCCCCCCC,-1.67
50594-67-7,COC(=O)c1cc(ccc1[N+]([O-])=O)Oc1ccc(cc1Cl)C(F)(F)F,-7.12
50585-43-8,Fc1cc2Oc3cc(Br)c(Br)cc3Oc2cc1F,-7.74
50585-42-7,Fc1cc2Oc3cc(Cl)c(Cl)cc3Oc2cc1F,-7.76
50585-41-6,Brc1cc2Oc3cc(Br)c(Br)cc3Oc2cc1Br,-8.32
50585-37-0,Brc1cc2Oc3ccccc3Oc2cc1Br,-5.92
50563-36-5,COCCN(C(=O)CCl)c1c(C)cccc1C,-4.95
50512-35-1,CC(C)OC(=O)C(=C1SCCS1)C(=O)OC(C)C,-1.84
50402-52-3,Clc1cc2ccccc2c(Cl)c1Cl,-4.7
43121-43-3,CC(C)(C)C(=O)C(Oc1ccc(Cl)cc1)[n]1c[n]c[n]1,-7.82
42874-03-3,CCOc1cc(ccc1[N+]([O-])=O)Oc1ccc(cc1Cl)C(F)(F)F,-6.7
42588-37-4,C/C(/C=C/CC(C)CCCC(C)C)=C\C(=O)OCC#C,-5.14
42576-02-3,COC(=O)c1cc(ccc1[N+]([O-])=O)Oc1ccc(Cl)cc1Cl,-7
42509-80-8,CC(C)[n]1[n]c([n]c1Cl)OP(=S)(OCC)OCC,-4.06
42154-69-8,CCC=CC(C)C,1.88
41814-78-2,Cc1cccc2[s]c3[n][n]c[n]3c21,-6.7
41483-43-6,Cc1[n]c(NCC)[n]c(OS(=O)(=O)N(C)C)c1CCCC,-6.12
41464-40-8,Clc1cc(Cl)ccc1-c1cc(Cl)ccc1Cl,-5.07
41394-05-2,CC1=NN=C(C(=O)N1N)c1ccccc1,-8.19
41318-75-6,Brc1cc(Br)ccc1Oc1ccc(Br)cc1,-6.17
41198-08-7,CCCSP(=O)(Oc1ccc(Br)cc1Cl)OCC,-6.05
40596-69-8,C/C(/C=C/CC(C)CCCC(C)(C)OC)=C\C(=O)OC(C)C,-4.63
40487-42-1,Cc1c(c(NC(CC)CC)c(cc1C)[N+]([O-])=O)[N+]([O-])=O,-4.52
40088-47-9,Brc1cc(ccc1)Oc1ccc(Br)c(Br)c1Br,-5.66
39807-15-3,CC(C)(C)C1=NN(C(=O)O1)c1cc(OCC#C)c(Cl)cc1Cl,-7.73
39515-41-8,CC1(C)C(C(=O)OC(C#N)c2cc(ccc2)Oc2ccccc2)C1(C)C,-5.26
39227-61-7,Clc1cc2Oc3c(Oc2cc1)c(Cl)c(Cl)c(Cl)c3Cl,-9.18
39227-58-2,Clc1cc(Cl)c(Cl)c2Oc3ccccc3Oc12,-6.12
39227-54-8,Clc1cc2Oc3ccccc3Oc2cc1,-4.89
39227-28-6,Clc1cc2Oc3c(Oc2cc1Cl)c(Cl)c(Cl)c(Cl)c3Cl,-10.42
39196-18-4,CC(C)(C)C(CSC)=NOC(=O)NC,-3.77
39073-07-9,Brc1cc2Oc3ccc(Br)cc3Oc2cc1,-5.95
38964-22-6,Clc1cc2Oc3cc(Cl)ccc3Oc2cc1,-5.98
38444-93-8,Clc1cccc(-c2cccc(Cl)c2Cl)c1Cl,-4.13
38444-86-9,Clc1cc(ccc1Cl)-c1ccccc1Cl,-3.99
38380-07-3,Clc1ccc(-c2ccc(Cl)c(Cl)c2Cl)c(Cl)c1Cl,-5.59
38380-04-0,Clc1ccc(Cl)c(-c2cc(Cl)c(Cl)cc2Cl)c1Cl,-5.07
38380-02-8,Clc1cc(-c2ccc(Cl)c(Cl)c2Cl)c(Cl)cc1,-4.77
38260-54-7,COP(=S)(Oc1cc([n]c(CC)[n]1)OCC)OC,-4.1
37924-13-3,Cc1cc(ccc1NS(=O)(=O)C(F)(F)F)S(=O)(=O)c1ccccc1,-5.05
37893-02-0,FC(F)(F)/N=C1\C(=N\C(F)(F)F)\S/C(=N\c2ccccc2)/N\1c1ccccc1,-5
37680-73-2,Clc1cc(-c2cc(Cl)c(Cl)cc2Cl)c(Cl)cc1,-4.6
37680-65-2,Clc1cc(-c2ccccc2Cl)c(Cl)cc1,-2.98
37031-31-5,FCOC(F)(F)C(F)F,2.37
36653-82-4,CCCCCCCCCCCCCCCCO,-5.22
36335-67-8,Cc1ccc(c(c1)OP(=S)(NC(C)CC)OCC)[N+]([O-])=O,-3.2
36088-22-9,Clc1cccc2Oc3c(Oc12)c(Cl)c(Cl)c(Cl)c3Cl,-9.25
35693-92-6,Clc1cc(Cl)c(-c2ccccc2)c(Cl)c1,-3.15
35575-96-3,COP(=O)(OC)SCN1c2[n]cc(Cl)cc2OC1=O,-7.44
35554-44-0,C=CCOC(C[n]1c[n]cc1)c1ccc(Cl)cc1Cl,-5.92
35367-38-5,O=C(Nc1ccc(Cl)cc1)NC(=O)c1c(F)cccc1F,-9.05
35256-85-0,CC(C)(C)C(=O)N(Cc1ccccc1)C(C)C,-3.18
35065-30-6,Clc1c(ccc(Cl)c1Cl)-c1cc(Cl)c(Cl)c(Cl)c1Cl,-6.2
35065-28-2,Clc1ccc(-c2cc(Cl)c(Cl)cc2Cl)c(Cl)c1Cl,-5.42
35065-27-1,Clc1cc(Cl)c(Cl)cc1-c1cc(Cl)c(Cl)cc1Cl,-5.46
34883-43-7,Clc1ccc(cc1)-c1ccccc1Cl,-2.68
34681-23-7,C/C(=N\OC(=O)NC)/C(C)S(C)(=O)=O,-5.7
34681-10-2,CC(=NOC(=O)NC)C(C)SC,-4.1
34622-58-7,CCN(CC)C(=O)SCc1ccccc1Cl,-4.03
34123-59-6,CN(C)C(=O)Nc1ccc(cc1)C(C)C,-7.61
34014-18-1,CNC(=O)N(C)c1[n][n]c([s]1)C(C)(C)C,-5.7
33979-03-2,Clc1cc(Cl)c(-c2c(Cl)cc(Cl)cc2Cl)c(Cl)c1,-4.92
33857-28-2,Clc1cc2Oc3cc(Cl)c(Cl)cc3Oc2cc1,-7.05
33820-53-0,CC(C)c1cc(c(c(c1)[N+]([O-])=O)N(CCC)CCC)[N+]([O-])=O,-4.52
33693-04-8,CCNc1[n]c(NC(C)(C)C)[n]c([n]1)OC,-5.7
33284-53-6,Clc1cc(-c2ccccc2)c(Cl)c(Cl)c1Cl,-4.43
33284-50-3,Clc1cc(Cl)c(cc1)-c1ccccc1,-2.86
33245-39-5,CCCN(CCCl)c1c(cc(cc1[N+]([O-])=O)C(F)(F)F)[N+]([O-])=O,-4.52
32861-85-1,COc1cc(ccc1[N+]([O-])=O)Oc1ccc(Cl)cc1Cl,-4.85
32809-16-8,CC12CC1(C)C(=O)N(c1cc(Cl)cc(Cl)c1)C2=O,-3.85
32778-16-8,FC(F)OCC(F)F,2.36
32598-13-3,Clc1ccc(cc1Cl)-c1cc(Cl)c(Cl)cc1,-4.78
32598-11-1,Clc1cc(-c2cc(Cl)c(Cl)cc2)c(Cl)cc1,-4.39
32598-10-0,Clc1cc(Cl)c(cc1)-c1cc(Cl)c(Cl)cc1,-4.34
31844-98-1,CCC=CBr,1.89
31508-00-6,Clc1ccc(cc1Cl)-c1cc(Cl)c(Cl)cc1Cl,-5.05
31218-83-4,C/C(=C\C(=O)OC(C)C)/OP(=S)(NCC)OC,-4.84
30560-19-1,COP(=O)(NC(C)=O)SC,-5.77
29973-13-5,CCSCc1ccccc1OC(=O)NC,-5.15
29446-15-9,Clc1cc2Oc3ccccc3Oc2cc1Cl,-5.53
29104-30-1,CCO/N=C(\OC(=O)c1ccccc1)/c1c(ccc(Cl)c1OC)OC,-5.47
29091-21-2,CCCN(CCC)c1c(cc(c(N)c1[N+]([O-])=O)C(F)(F)F)[N+]([O-])=O,-7.61
29091-05-2,CCN(CC)c1c(cc(c(N)c1[N+]([O-])=O)C(F)(F)F)[N+]([O-])=O,-5.44
28523-86-6,FCOC(C(F)(F)F)C(F)(F)F,2.29
28419-69-4,Clc1cccc(Cl)c1Oc1ccccc1,-2.89
28249-77-6,CCN(CC)C(=O)SCc1ccc(Cl)cc1,-4.66
27519-02-4,CCCCCCCCCCCCC/C=C\CCCCCCCC,-4.45
27355-22-2,O=C1OCc2c1c(Cl)c(Cl)c(Cl)c2Cl,-7.65
27314-13-2,CNC1C=NN(C(=O)C=1Cl)c1cc(ccc1)C(F)(F)F,-7.54
26761-40-0,CC(C)CCCCCCCOC(=O)c1ccccc1C(=O)OCCCCCCCC(C)C,-6.28
26644-46-2,O=CNC(N1CCN(CC1)C(NC=O)C(Cl)(Cl)Cl)C(Cl)(Cl)Cl,-6.7
26530-20-1,CCCCCCCCN1SC=CC1=O,-4.43
26399-36-0,CCCN(CC1CC1)c1c(cc(cc1[N+]([O-])=O)C(F)(F)F)[N+]([O-])=O,-4.2
26259-45-0,COc1[n]c(NCC)[n]c(NC(C)CC)[n]1,-5.14
26225-79-6,CCOC1Oc2ccc(cc2C1(C)C)OS(C)(=O)=O,-5.31
26087-47-8,CC(C)OP(=O)(OC(C)C)SCc1ccccc1,-4.39
26002-80-2,CC(C)=CC1C(C(=O)OCc2cccc(c2)Oc2ccccc2)C1(C)C,-6.84
25640-78-2,CC(C)c1ccccc1-c1ccccc1,-3.3
25606-41-1,Cl.CCCOC(=O)NCCCN(C)C,-6.54
25311-71-1,CCOP(=S)(NC(C)C)Oc1ccccc1C(=O)OC(C)C,-5.52
25059-80-7,CCOC(=O)CN1C(=O)Sc2cccc(Cl)c12,-5.56
25057-89-0,CC(C)N1C(=O)c2ccccc2NS1(=O)=O,-5.46
24910-69-8,Clc1cc(Oc2ccccc2)c(Cl)cc1,-3
24910-68-7,Clc1cc(cc(Cl)c1)Oc1ccccc1,-3
24910-63-2,CC=C(C)C(C)C,1.83
24579-73-5,CCCOC(=O)NCCCN(C)C,-1.26
24468-13-1,CCCCC(COC(=O)Cl)CC,-0.77
24151-93-7,CC1CCCCN1C(=O)CSP(=S)(OCCC)OCCC,-6.62
23950-58-5,CC(C)(C#C)NC(=O)c1cc(Cl)cc(Cl)c1,-6.36
23947-60-6,Cc1[n]c(NCC)[n]c(O)c1CCCC,-5.7
23564-05-8,COC(=O)NC(=S)Nc1ccccc1NC(=S)NC(=O)OC,-7.15
23505-41-1,Cc1cc([n]c([n]1)N(CC)CC)OP(=S)(OCC)OCC,-3.54
23436-19-3,CC(C)COCC(C)O,0.11
23184-66-9,CCCCOCN(C(=O)CCl)c1c(CC)cccc1CC,-5.54
23103-98-2,Cc1[n]c([n]c(OC(=O)N(C)C)c1C)N(C)C,-5.14
22936-86-3,CC(C)Nc1[n]c(NC2CC2)[n]c(Cl)[n]1,-6.52
22936-75-0,CC(C)C(C)Nc1[n]c(NCC)[n]c([n]1)SC,-5.85
22898-01-7,[Na+].[O-]C(=O)C(F)(F)C(F)F,-3.52
22699-70-3,CC(=O)c1cc(CC)ccc1,0.36
22224-92-6,Cc1cc(ccc1SC)OP(=O)(NC(C)C)OCC,-6
21981-48-6,CC(C)CCO[N+]([O-])=O,0.71
21609-90-5,COP(=S)(Oc1cc(Cl)c(Br)cc1Cl)c1ccccc1,-7.64
21548-32-3,CCOP(=O)(N=C1SCS1)OCC,-5.19
21087-64-9,CSC1=NN=C(C(=O)N1N)C(C)(C)C,-6.36
20354-26-1,CN1C(=O)N(OC1=O)c1cc(Cl)c(Cl)cc1,-6
20324-33-8,COCC(C)OCC(C)OCC(C)O,-1.7
20020-02-4,Clc1c2ccccc2c(Cl)c(Cl)c1Cl,-5.54
19666-30-9,CC(C)Oc1cc(c(Cl)cc1Cl)N1N=C(OC1=O)C(C)(C)C,-6.95
19484-26-5,CCCCCCCCCCCCCS,-3.16
19408-74-3,Clc1cc2Oc3cc(Cl)c(Cl)c(Cl)c3Oc2c(Cl)c1Cl,-10.31
19218-94-1,CCCCCCCCCCCCCCI,-3.85
18801-00-8,CC(C)(C)c1cc2cc3ccccc3cc2cc1,-6.19
18691-97-9,CNC(=O)N(C)c1[n]c2ccccc2[s]1,-6.95
18281-05-5,CCCCCCCCCCCCCCCCCCCC(=O)OCC,-7.72
18181-80-1,CC(C)OC(=O)C(O)(c1ccc(Br)cc1)c1ccc(Br)cc1,-7.09
18181-70-9,COP(=S)(Oc1cc(Cl)c(I)cc1Cl)OC,-6.08
17804-35-2,CCCCNC(=O)[n]1c(NC(=O)OC)[n]c2ccccc12,-8.43
17618-77-8,CCCC(C)=CC,1.7
17611-82-4,CCC(CC#N)C#N,-1.72
17462-58-7,CCC(C)OC(=O)Cl,1.03
17109-49-8,CCOP(=O)(Sc1ccccc1)Sc1ccccc1,-6.57
16752-77-5,CC(=NOC(=O)NC)SC,-5.27
16747-38-9,CC(C)(C(C)C)C(C)C,0.95
16747-32-3,CC(C)(C)C(CC)CC,1.05
16747-31-2,CC(CC)C(C)(C)CC,0.95
16747-28-7,CCCC(C)(C)C(C)C,0.99
16747-26-5,CCC(C)CC(C)(C)C,1.2
16747-25-4,CCCC(C)C(C)(C)C,1.06
16645-06-0,CN(C)O,1.33
16606-02-3,Clc1ccc(Cl)cc1-c1ccc(Cl)cc1,-3.4
16554-83-9,C1C2CC=CCC21,1.36
15910-22-2,CC(C)C=CC(C)C,1.64
15870-10-7,CCCCCC(C)=C,1.3
15862-07-4,Clc1cc(-c2ccccc2)c(Cl)cc1Cl,-3.01
15299-99-7,CC(Oc1cccc2ccccc21)C(=O)N(CC)CC,-6.76
15104-61-7,ClC(C(Cl)Cl)C(Cl)Cl,-0.03
15022-08-9,C=CCOC(=O)OCC=C,-0.99
14816-18-3,CCOP(=S)(O/N=C(\C#N)/c1ccccc1)OCC,-4.8
13952-84-6,CCC(C)N,2.25
13684-63-4,Cc1cc(ccc1)NC(=O)Oc1cc(ccc1)NC(=O)OC,-11
13654-09-6,Brc1c(-c2c(Br)c(Br)c(Br)c(Br)c2Br)c(Br)c(Br)c(Br)c1Br,-9.4
13593-03-8,CCOP(=S)(Oc1c[n]c2ccccc2[n]1)OCC,-5.59
13475-81-5,CC(C)(C)C(C)(C)CCC,0.59
13360-45-7,CON(C)C(=O)Nc1ccc(Br)c(Cl)c1,-6.4
13194-48-4,CCOP(=O)(SCCC)SCCC,-3.42
13116-53-5,ClC(Cl)(CCl)CCl,0.48
13029-08-8,Clc1ccccc1-c1ccccc1Cl,-2.56
12771-68-5,COc1ccc(cc1)C(O)(C1CC1)c1c[n]c[n]c1,-6.7
10605-21-7,COC(=O)Nc1[nH]c2ccccc2[n]1,-9.12
10443-70-6,Cc1cc(Cl)ccc1OCCCC(=O)OCC,-5.84
10436-39-2,ClC(Cl)=C(Cl)CCl,0.43
10265-92-6,COP(N)(=O)SC,-4.45
10233-13-3,CCCCCCCCCCCC(=O)OC(C)C,-2.57
10222-01-2,NC(=O)C(Br)(Br)C#N,-3.05
7789-89-1,CCC(Cl)(Cl)Cl,1.5
7786-34-7,CC(=CC(O)OC)OP(O)(OC)OC,-3.89
7700-17-6,C/C(=C\C(=O)OC(C)c1ccccc1)/OP(=O)(OC)OC,-4.85
7581-97-7,CC(Cl)C(C)Cl,1.39
7525-62-4,CCc1cc(C=C)ccc1,-0.09
7421-93-4,O=C[C@@H]1C[C@@H]2[C@@H]3[C@H]1[C@]1(Cl)[C@]4(Cl)[C@H]2[C@]4(Cl)[C@@]3(Cl)C1(Cl)Cl,-6.7
7321-55-3,CC(C)(C#N)C#N,0.16
7292-16-2,CSc1ccc(cc1)OP(=O)(OCCC)OCCC,-6.05
7287-19-6,CSc1[n]c(NC(C)C)[n]c(NC(C)C)[n]1,-5.91
7147-89-9,Cc1cc(O)c(cc1Cl)[N+]([O-])=O,-3.07
7145-20-2,CC(C)=C(C)CCC,1.26
7132-64-1,CCCCCCCCCCCCCCC(=O)OC,-3.79
7085-19-0,Cc1cc(Cl)ccc1O[C@H](C)C(O)=O,-5.58
7058/1/7,CC(CC)C1CCCCC1,0.37
7012-37-5,Clc1cc(Cl)ccc1-c1ccc(Cl)cc1,-3.71
6988-21-2,CNC(=O)Oc1ccccc1C1OCCO1,-6.52
6975-98-0,CCCCCCCCC(C)C,-0.22
6923-22-4,C/C(=C\C(=O)NC)/OP(=O)(OC)OC,-5.66
6903-65-7,Clc1ccc(cc1)Oc1ccccc1Cl,-3.15
6863-58-7,CC(CC)OC(C)CC,1.21
6842-62-2,Clc1ccc(cc1)Oc1cc(Cl)ccc1,-3.19
6765-39-5,CCCCCCCCCCCCCCCC=C,-3.34
6742-54-7,CCCCCCCCCCCc1ccccc1,-3.62
6485-40-1,CC1=CC[C@H](CC1=O)C(C)=C,-0.99
6423-43-4,CC(CO[N+]([O-])=O)O[N+]([O-])=O,-0.42
6419-19-8,OP(O)(=O)CN(CP(O)(O)=O)CP(O)(O)=O,-11.16
6386-63-6,OC(=O)COc1ccc(Cl)cc1CO,-6.18
6175-49-1,CCCCCCCCCCC(C)=O,-1.69
6164-98-3,Cc1cc(Cl)ccc1N=CN(C)C,-3.03
6163-66-2,CC(C)(C)OC(C)(C)C,1.51
6094/2/6,CCCCC(C)=C,1.78
6064-63-7,CCCCC(O)C(O)=O,-5.5
6032-29-7,CCCC(C)O,0.79
6006-33-3,CCCCCCCCCCCCCC1CCCCC1,-5.04
5915-41-3,CCNc1[n]c(Cl)[n]c(NC(C)(C)C)[n]1,-5.95
5902-51-2,CC1NC(=O)N(C(=O)C=1Cl)C(C)(C)C,-6.33
5836/10/2,CC(C)OC(=O)C(O)(c1ccc(Cl)cc1)c1ccc(Cl)cc1,-6.74
5617-41-4,CCCCCCCC1CCCCC1,-1.4
5598-13-0,COP(=S)(Oc1[n]c(Cl)c(Cl)cc1Cl)OC,-4.38
5458-59-3,CCCCCCCC(=O)OC(C)C,-0.96
5436-43-1,Brc1cc(Br)c(cc1)Oc1ccc(Br)cc1Br,-7.15
5435-64-3,CC(CC=O)CC(C)(C)C,-1.1
5408-86-6,CC(Br)C(C)Br,0.58
5337-93-9,Cc1ccc(cc1)C(=O)CC,-1.03
5315-79-7,Oc1ccc2ccc3cccc4ccc1c2c34,-8.32
5234-68-4,CC1OCCSC=1C(=O)Nc1ccccc1,-6.82
5221-53-4,Cc1[n]c([n]c(O)c1CCCC)N(C)C,-4.96
5142-23-4,C[n]1:c:[n]:c(N):c2:[n]:c:[n]:c:1-2,-8.92
5103-73-1,ClC1(Cl)C2(Cl)C3C(C(Cl)C(Cl)C3Cl)C1(Cl)C(Cl)=C2Cl,-6.02
5026-76-6,CC(C)CCCC=C,1.4
4920-77-8,Cc1cccc(O)c1[N+]([O-])=O,-1.43
4755-77-5,CCOC(=O)C(=O)Cl,0.88
4726-14-1,CS(=O)(=O)c1cc(c(c(c1)[N+]([O-])=O)N(CCC)CCC)[N+]([O-])=O,-8.03
4553-62-2,CC(CCC#N)C#N,-2.29
4465-58-1,OCCNc1cccc2C(=O)c3ccccc3C(=O)c21,-11
4454-5-1,COC1CCC=CO1,1.04
4442-79-9,OCCC1CCCCC1,-0.78
4434-66-6,CCCCCCCCCCCCCCCCCCCBr,-5.65
4340-77-6,Clc1ccc(cc1)/N=N/c1ccccc1,-5.7
4292-92-6,CCCCCC1CCCCC1,-0.43
4292-19-7,CCCCCCCCCCCCI,-1.85
4282-44-4,CCCCCCCCCCCI,-2.35
4282-42-2,CCCCCCCCCI,-1.56
4276-49-7,CCCCCCCCCCCCCCCCCCCCBr,-6.08
4265-25-2,Cc1cc2ccccc2o1,-0.31
4164-28-7,CN(C)[N+]([O-])=O,-0.44
4147-51-7,CCSc1[n]c(NC(C)C)[n]c(NC(C)C)[n]1,-5.8
4124-31-6,O=C(OC(=O)C(Cl)(Cl)Cl)C(Cl)(Cl)Cl,-0.91
4110-50-3,CCSCCC,1.27
4062-60-6,CC(C)(C)NCCNC(C)(C)C,-0.58
4048-33-3,NCCCCCCO,-2.62
4038-4-4,CCC(CC)C=C,1.91
3938-95-2,CCOC(=O)C(C)(C)C,1.25
3877-15-4,CCCSC,1.71
3875-51-2,CC(C)C1CCCC1,1.21
3769-23-1,CC[C@H](C)CC=C,1.87
3766-81-2,CCC(C)c1ccccc1OC(=O)NC,-3.85
3744-2-3,CC(=O)CC(C)=C,1.18
3726-47-4,CC1CCC(C1)CC,0.8
3726-45-2,CC1CCC(C)C(C)C1C,0.12
3710-84-7,CCN(O)CC,0.53
3689-24-5,CCOP(=S)(OP(=S)(OCC)OCC)OCC,-3.98
3658-48-8,CCCCC(COP(=O)OCC(CCCC)CC)CC,-4.24
3651-23-8,C=CC[Si](Cl)(Cl)CC=C,0.45
3555-18-8,CCC(C)c1cc(c(O)cc1)[N+]([O-])=O,-2.34
3547-33-9,CCCCCCCCSCCO,-3.23
3522-94-9,CC(C)CCC(C)(C)C,1.22
3454-7-7,CCc1ccc(C=C)cc1,-0.02
3452-97-9,CC(CCO)CC(C)(C)C,-0.52
3452-9-3,CCCCCCCC#C,0.8
3437-95-4,Ic1ccc[s]1,0.91
3424-82-6,ClC(Cl)=C(c1ccccc1Cl)c1ccc(Cl)cc1,-5.21
3404-78-2,CC(C)CC=C(C)C,1.4
3404-72-6,CCC(C)C(C)=C,1.91
3404-65-7,CC(CC)=CCC,1.91
3404-61-3,CCCC(C)C=C,1.92
3386-33-2,CCCCCCCCCCCCCCCCCCCl,-4.77
3377-86-4,CCCCC(C)Br,0.86
3347-22-6,N#CC1SC2=C(SC=1C#N)C(=O)c1ccccc1C2=O,-10.69
3268-87-9,Clc1c2Oc3c(Oc2c(Cl)c(Cl)c1Cl)c(Cl)c(Cl)c(Cl)c3Cl,-12.08
3263-31-8,CCOc1cc2SC(=C3Sc4cc(ccc4C3=O)OCC)C(=O)c2cc1,-6.7
3221-61-2,CCCCCCC(C)C,0.79
3180-9-4,CCCCc1ccccc1O,-1.99
3178-22-1,CC(C)(C)C1CCCCC1,0.37
3173-72-6,O=C=Nc1cccc2c1cccc2N=C=O,-4.47
3172-52-9,Clc1ccc(Cl)[s]1,0.93
3073-66-3,CC1CC(C)(C)CCC1,1.03
3060-89-7,CN(OC)C(=O)Nc1ccc(Br)cc1,-5.52
3011-34-5,[O-][N+](=O)c1cc(ccc1O)C=O,-3.05
3001-66-9,CCCCCC[C@H](C)S,-0.15
2937-50-0,C=CCOC(=O)Cl,1.3
2917-26-2,CCCCCCCCCCCCCCCCS,-4.99
2909-38-8,O=C=Nc1cccc(Cl)c1,-0.71
2889-58-9,CC(=C)c1ccc(cc1)C(C)(C)N=C=O,-2.33
2883-2-5,CCCCCCCCCC1CCCCC1,-2.61
2873-74-7,O=C(Cl)CCCC(=O)Cl,-0.93
2872-52-8,CCN(CCO)c1ccc(cc1)N=Nc1ccc(cc1)[N+]([O-])=O,-13.4
2855-13-2,CC1(C)CC(N)CC(C)(C1)CN,-1.82
2837-89-0,FC(Cl)C(F)(F)F,3.46
2832-40-8,Cc1cc(/N=N/c2ccc(cc2)NC(C)=O)c(O)cc1,-10.3
2809-67-8,CC#CCCCCC,0.88
2807-30-9,CCCOCCO,0.49
2797-51-5,NC1=C(Cl)C(=O)c2ccccc2C1=O,-6.35
2778-41-8,CC(C)(N=C=O)c1ccc(cc1)C(C)(C)N=C=O,-3.12
2764-72-9,C1C[n+]2ccccc2-c2cccc[n+]21,-8
2738-19-4,CCCC=C(C)C,1.73
2691-41-0,[O-][N+](=O)N1CN(CN(CN(C1)[N+]([O-])=O)[N+]([O-])=O)[N+]([O-])=O,-13.48
2689-7-8,Clc1ccccc1Oc1ccccc1,-2.4
2687-25-4,Cc1cccc(N)c1N,-3.26
2675-77-6,COc1cc(Cl)c(cc1Cl)OC,-2.52
2668-24-8,COc1cc(Cl)c(Cl)c(Cl)c1O,-2.73
2655-19-8,CNC(=O)Oc1cc(cc(c1)C(C)(C)C)C(C)(C)C,-5.7
2642-71-9,CCOP(=S)(OCC)SCN1N=Nc2ccccc2C1=O,-5.62
2636-26-2,COP(=S)(Oc1ccc(cc1)C#N)OC,-3.1
2631-40-5,CNC(=O)Oc1ccccc1C(C)C,-4.68
2628-17-3,C=Cc1ccc(O)cc1,-1.85
2597-3-7,CCOC(=O)C(SP(=S)(OC)OC)c1ccccc1,-5.59
2593-15-9,CCOc1[n]c([n][s]1)C(Cl)(Cl)Cl,-4
2540-82-1,CN(C=O)C(=O)CSP(=S)(OC)OC,-6.07
2539-17-5,COc1c(O)c(Cl)c(Cl)c(Cl)c1Cl,-4.08
2528-61-2,CCCCCCC(=O)Cl,-0.35
2499-59-4,CCCCCCCCOC(=O)C=C,-0.99
2491-74-9,CN(C)c1ccc(cc1)N=Nc1ccc(cc1)[N+]([O-])=O,-10
2491-52-3,[O-][N+](=O)c1ccc(cc1)N=Nc1ccccc1,-5.93
2481-94-9,CCN(CC)c1ccc(cc1)/N=N/c1ccccc1,-7.07
2475-45-8,Nc1ccc(N)c2c1C(=O)c1c(C2=O)c(N)ccc1N,-7.74
2475-44-7,CNc1ccc(NC)c2c1C(=O)c1ccccc1C2=O,-10.7
2473-01-0,CCCCCCCCCCl,-0.57
2463-84-5,COP(=S)(Oc1ccc(cc1Cl)[N+]([O-])=O)OC,-5.44
2460-49-3,COc1cc(Cl)c(Cl)cc1O,-2.35
2452-99-5,CC1CCCC1C,1.67
2444-89-5,Clc1ccc(cc1)Oc1ccc(Cl)cc1,-3.3
2439-1-2,Cc1cc2[n]c3SC(=O)Sc3[n]c2cc1,-6.7
2437-79-8,Clc1cc(Cl)c(cc1)-c1ccc(Cl)cc1Cl,-4.06
2437-56-1,CCCCCCCCCCCC=C,-1.2
2437-25-4,CCCCCCCCCCCC#N,-2.63
2431-50-7,C=C(Cl)C(Cl)CCl,0.27
2426-8-6,CCCCOCC1CO1,0.51
2425-74-3,CC(C)(C)NC=O,-0.57
2425-10-7,Cc1cc(ccc1C)OC(=O)NC,-3.24
2416-94-6,Cc1ccc(C)c(O)c1C,-1.46
2409-55-4,Cc1ccc(O)c(c1)C(C)(C)C,-1.6
2379-74-0,Cc1cc(Cl)cc2S/C(=C3\Sc4cc(Cl)cc(C)c4C\3=O)/C(=O)c12,-13.52
2367-82-0,Fc1cc(F)c(F)c(F)c1,1.87
2366-52-1,CCCCF,2.76
2315-68-6,CCCOC(=O)c1ccccc1,-0.87
2312-35-8,CC(C)(C)c1ccc(cc1)OC1CCCCC1OS(=O)OCC#C,-6.52
2303-17-5,CC(C)N(C(C)C)C(=O)SCC(Cl)=C(Cl)Cl,-3.92
2278-22-0,CC(=O)OO[N+]([O-])=O,1.47
2274-67-1,COP(=O)(O/C(=C\Cl)/c1ccc(Cl)cc1Cl)OC,-5.01
2274-11-5,C=CC(=O)OCCOC(=O)C=C,-1.18
2234-13-1,Clc1c2c(c(Cl)c(Cl)c1Cl)c(Cl)c(Cl)c(Cl)c2Cl,-7.96
2227-17-0,ClC1(C(Cl)=C(Cl)C(Cl)=C1Cl)C1(Cl)C(Cl)=C(Cl)C(Cl)=C1Cl,-5.66
2216-34-4,CC(CCC)CCCC,0.83
2213-32-3,CC(C)CC(C)=C,1.98
2212-67-1,CCSC(=O)N1CCCCCC1,-2.25
2189-60-8,CCCCCCCCc1ccccc1,-1.95
2170-45-8,Brc1c2Oc3c(Oc2c(Br)c(Br)c1Br)c(Br)c(Br)c(Br)c3Br,-12.51
2170-44-7,Clc1c(Br)c(Br)c2Oc3c(Oc2c1Br)c(Br)c(Br)c(Cl)c3Br,-12.5
2164-17-2,CN(C)C(=O)Nc1cc(ccc1)C(F)(F)F,-6.03
2163-80-6,[Na+].C[As]([O-])(O)=O,-7.12
2163-42-0,CC(CO)CO,-1.68
2136-99-4,Clc1cc(Cl)c(Cl)c(-c2c(Cl)c(Cl)cc(Cl)c2Cl)c1Cl,-5.41
2136-89-2,Clc1ccccc1C(Cl)(Cl)Cl,-1.3
2104-96-3,COP(=S)(Oc1cc(Cl)c(Br)cc1Cl)OC,-3.89
2104-64-5,CCOP(=S)(Oc1ccc(cc1)[N+]([O-])=O)c1ccccc1,-6.02
2055-14-3,CCN(Cc1c[n]ccc1)CC,-2.37
2051-61-8,Clc1cc(ccc1)-c1ccccc1,-2.13
2051-60-7,Clc1ccccc1-c1ccccc1,-2.86
2051-30-1,CC(C)CCCC(C)CC,0.47
2050-92-2,CCCCCNCCCCC,-0.82
2050-77-3,CCCCCCCCCCI,-1.85
2050-69-3,Clc1ccc2ccccc2c1Cl,-2.7
2050-67-1,Clc1cc(ccc1)-c1cc(Cl)ccc1,-3.19
2050-24-0,Cc1cc(CC)cc(CC)c1,0
2050-20-6,CCOC(=O)CCCCCC(=O)OCC,-2.51
2040-95-1,CCCCC1CCCC1,0.6
2039-89-6,Cc1cc(C=C)c(C)cc1,0
2039-87-4,C=Cc1ccccc1Cl,-0.02
2039-82-9,C=Cc1ccc(Br)cc1,-0.11
2032-65-7,CNC(=O)Oc1cc(C)c(SC)c(C)c1,-6.57
2027-17-0,CC(C)c1cc2ccccc2cc1,-2.29
2016-42-4,CCCCCCCCCCCCCCN,-3.01
2008-41-5,CCSC(=O)N(CC(C)C)CC(C)C,-1.89
2008-39-1,CNC.OC(=O)COc1ccc(Cl)cc1Cl,-9
1982-49-6,CC1CCCCC1NC(=O)Nc1ccccc1,-8.4
1974-4-5,CCCCCC(C)Br,0.36
1967-16-4,CC(C#C)OC(=O)Nc1cccc(Cl)c1,-4.8
1942-45-6,CCCC#CCCC,0.99
1929-77-7,CCCSC(=O)N(CCC)CCC,-1.98
1929-73-3,CCCCOCCOC(=O)COc1ccc(Cl)cc1Cl,-5.35
1928-47-8,CCCCC(COC(=O)COc1cc(Cl)c(Cl)cc1Cl)CC,-5.92
1918-16-7,CC(C)N(C(=O)CCl)c1ccccc1,-3.64
1918-13-4,NC(=S)c1c(Cl)cccc1Cl,-6
1918-2-1,Nc1c(Cl)c([n]c(Cl)c1Cl)C(O)=O,-10.14
1912-24-9,CCNc1[n]c(Cl)[n]c(NC(C)C)[n]1,-6.54
1897-45-6,N#Cc1c(Cl)c(Cl)c(Cl)c(C#N)c1Cl,-6.24
1888-71-7,ClC(Cl)=C(Cl)C(Cl)(Cl)Cl,-0.61
1885-14-9,O=C(Cl)Oc1ccccc1,-0.25
1879-09-0,Cc1cc(c(O)c(C)c1)C(C)(C)C,-1.35
1878-18-8,CCC(C)CS,1.3
1861-40-1,CCCCN(CC)c1c(cc(cc1[N+]([O-])=O)C(F)(F)F)[N+]([O-])=O,-4.19
1861-32-1,COC(=O)c1c(Cl)c(Cl)c(c(Cl)c1Cl)C(=O)OC,-5.6
1825-62-3,CCO[Si](C)(C)C,2.06
1814-88-6,CC(F)(F)C(F)(F)F,3.54
1795-16-0,CCCCCCCCCCC1CCCCC1,-2.99
1795-15-9,CCCCCCCCC1CCCCC1,-2.04
1758-88-9,CCc1cc(C)ccc1C,-0.03
1746-81-2,CN(OC)C(=O)Nc1ccc(Cl)cc1,-3.82
1746-01-6,Clc1cc2Oc3cc(Cl)c(Cl)cc3Oc2cc1Cl,-8.82
1730-37-6,Cc1cccc2c1Cc1ccccc-21,-3.52
1717-00-6,CC(F)(Cl)Cl,2.78
1712-64-7,CC(C)O[N+]([O-])=O,1.53
1702-17-6,OC(=O)c1[n]c(Cl)ccc1Cl,-4.92
1698-60-8,NC1C=NN(C(=O)C=1Cl)c1ccccc1,-6.35
1698-53-9,O=C1C(Cl)=C(Cl)C=NN1c1ccccc1,-4.05
1689-84-5,N#Cc1cc(Br)c(O)c(Br)c1,-7.33
1689-82-3,Oc1ccc(cc1)/N=N/c1ccccc1,-6.64
1686-14-2,CC1(C)C2CC1CC1OC12C,-0.09
1679-07-8,SC1CCCC1,1.06
1678-98-4,CC(C)CC1CCCCC1,0.68
1678-93-9,CCCCC1CCCCC1,0.12
1678-91-7,CCC1CCCCC1,1.11
1656-48-0,N#CCCOCCC#N,-3.76
1653-30-1,CCCCCCCCCC(C)O,-1.48
1646-88-4,CNC(=O)O/N=C/C(C)(C)S(C)(=O)=O,-4.05
1646-87-3,CNC(=O)O/N=C/C(C)(C)S(C)=O,-4
1640-89-7,CCC1CCCC1,1.6
1638-26-2,CC1(C)CCCC1,1.88
1638-22-8,CCCCc1ccc(O)cc1,-2.65
1634-78-2,CCOC(=O)C(CC(=O)OCC)SP(=O)(OC)OC,-5.01
1632-16-2,CCCCC(=C)CC,1.29
1613-51-0,C1CCCCS1,0.9
1610-17-9,CCNc1[n]c(NC(C)C)[n]c([n]1)OC,-5.54
1596-84-5,CN(C)NC(=O)CCC(O)=O,-3.7
1593-77-7,CC1CN(CC(C)O1)C1CCCCCCCCCCC1,-5.44
1582-09-8,CCCN(CCC)c1c(cc(cc1[N+]([O-])=O)C(F)(F)F)[N+]([O-])=O,-4.34
1570-64-5,Cc1cc(Cl)ccc1O,-1.62
1569-69-3,SC1CCCCC1,0.6
1563-66-2,CC1(C)Cc2cccc(OC(=O)NC)c2O1,-5.31
1551-21-9,CSC(C)C,1.9
1538-75-6,CC(C)(C)C(=O)OC(=O)C(C)(C)C,-0.36
1521-38-6,COc1c(cccc1OC)C(O)=O,-5.73
1499-10-1,c1cccc2c(c3ccccc3c(c21)-c1ccccc1)-c1ccccc1,-9.84
1493-13-6,OS(=O)(=O)C(F)(F)F,-1
1471-03-0,CCCOCC=C,1.78
1466-76-8,COc1cccc(OC)c1C(O)=O,-6.72
1464-53-5,C1OC1C1CO1,1.59
1459-09-2,CCCCCCCCCCCCCCCCc1ccccc1,-5.45
1455-21-6,CCCCCCCCCS,-0.88
1454-80-4,Nc1ccccc1-c1ccccc1N,-5.57
1444-64-0,OC1CCCCC1c1ccccc1,-1.44
1435-60-5,[O-][N+](=O)c1ccc(cc1)N=Nc1ccc(O)cc1,-9.52
1241-94-7,CCC(COP(=O)(Oc1ccccc1)Oc1ccccc1)CCCC,-4.3
1214-39-7,C(Nc1:[nH]:c:[n]:c2:[n]:c:[n]:c-2:1)c1ccccc1,-10.75
1205-64-7,Cc1cc(ccc1)Nc1ccccc1,-3.83
1199-77-5,C/C(=C\c1ccccc1)/C(O)=O,-3.04
1195-79-5,CC1(C)C2CC(C)(CC2)C1=O,-0.09
1194-65-6,N#Cc1c(Cl)cccc1Cl,-3.18
1192-37-6,C=C1CCCCC1,1.6
1191-95-3,O=C1CCC1,1.63
1190-76-7,CC=CC#N,1.5
1187-58-2,CCC(=O)NC,0.06
1134-23-2,CCN(C1CCCCC1)C(=O)SCC,-2.7
1132-21-4,COc1cc(cc(c1)OC)C(O)=O,-6.86
1129-41-5,Cc1cc(ccc1)OC(O)=NC,-2.97
1126-79-0,CCCCOc1ccccc1,-0.53
1123-85-9,CC(CO)c1ccccc1,-1.72
1120-36-1,CCCCCCCCCCCCC=C,-1.82
1119-85-3,N#CCC=CCC#N,-2.16
1119-40-0,COC(=O)CCCC(=O)OC,-0.74
1117-97-1,CNOC,2.58
1113-02-6,CNC(=O)CSP(=O)(OC)OC,-4.61
1085-98-9,CN(C)S(=O)(=O)N(SC(F)(Cl)Cl)c1ccccc1,-6.95
1081-77-2,CCCCCCCCCc1ccccc1,-2.24
1077-16-3,CCCCCCc1ccccc1,-0.92
1074-55-1,Cc1ccc(CCC)cc1,0.04
1074-43-7,Cc1cccc(CCC)c1,0.42
1073-67-2,C=Cc1ccc(Cl)cc1,-0.09
1071-83-6,OC(=O)CNCP(O)(O)=O,-7.01
1071-81-4,CC(C)(C)CCC(C)(C)C,0.94
1070-87-7,CC(C)(C)CC(C)(C)C,1.3
1069-53-0,CC(C)C(C)CC(C)C,1.07
1068-87-7,CCC(C(C)C)C(C)C,1
1067-08-9,CC(CC)(CC)CC,1.36
1031-07-8,O=S1(=O)OCC2C(CO1)C1(Cl)C(Cl)=C(Cl)C2(Cl)C1(Cl)Cl,-6.55
1024-57-3,ClC1(Cl)C2(Cl)C3C4OC4C(Cl)C3C1(Cl)C(Cl)=C2Cl,-4.71
1003-09-4,Brc1ccc[s]1,1.37
1002-84-2,CCCCCCCCCCCCCCC(O)=O,-6.36
1002-69-3,CCCCCCCCCCCl,-2.01
999-97-3,C[Si](C)(C)N[Si](C)(C)C,1.14
999-81-5,[Cl-].C[N+](C)(C)CCCl,-7.12
999-21-3,C=CCOC(=O)/C=C\C(=O)OCC=C,-2.17
994-30-9,CC[Si](Cl)(CC)CC,0.83
961-68-2,[O-][N+](=O)c1cc(ccc1Nc1ccccc1)[N+]([O-])=O,-8.52
961-11-5,COP(=O)(OC(=CCl)c1cc(Cl)c(Cl)cc1Cl)OC,-7.38
957-51-7,CN(C)C(=O)C(c1ccccc1)c1ccccc1,-7.52
946-80-5,C(Oc1ccccc1)c1ccccc1,-2.2
944-22-9,CCP(=S)(OCC)Sc1ccccc1,-3.47
941-98-0,CC(=O)c1cccc2ccccc21,-3.41
937-30-4,CC(=O)c1ccc(CC)cc1,-0.04
934-80-5,CCc1cc(C)c(C)cc1,-0.13
934-74-7,CCc1cc(C)cc(C)c1,0.01
933-78-8,Oc1cc(Cl)cc(Cl)c1Cl,-1.66
931-54-4,[C-]#[N+]c1ccccc1,0.38
930-90-5,C[C@@H]1CCC[C@H]1CC,1.3
929-06-6,NCCOCCO,-2.81
928-45-0,CCCCO[N+]([O-])=O,0.92
927-49-1,CCCCCC(=O)CCCCC,-1.3
924-16-3,CCCCN(CCCC)N=O,-1.33
922-61-2,CCC(C)=CC,2.2
921-47-1,CC(C)C(C)C(C)CC,0.96
919-94-8,CC(C)(CC)OCC,1.7
919-86-8,CCSCCSP(=O)(OC)OC,-3.52
886-50-0,CCNc1[n]c(NC(C)(C)C)[n]c([n]1)SC,-5.77
878-13-7,O=C1CCCCCCCCCC1,-1.31
877-43-0,Cc1cc2ccc(C)[n]c2cc1,-2.36
874-41-9,CCc1ccc(C)cc1C,-0.07
872-55-9,CCc1ccc[s]1,1.05
872-50-4,CN1CCCC1=O,-0.46
872-31-1,Brc1c[s]cc1,1.22
871-83-0,CCCCCCCC(C)C,0.28
870-23-5,C=CCS,2.72
868-85-9,COP(=O)OC,0.66
841-06-5,COCCCNc1[n]c([n]c(NC(C)C)[n]1)SC,-6.55
834-12-8,CCNc1[n]c(NC(C)C)[n]c([n]1)SC,-5.56
832-69-9,Cc1cccc2c3ccccc3ccc21,-4.82
823-40-5,Cc1c(N)cccc1N,-2.61
821-95-4,CCCCCCCCCC=C,-0.31
821-55-6,CCCCCCCC(C)=O,-0.2
818-38-2,CCOC(=O)CCCC(=O)OCC,-0.79
818-23-5,CCCCCCCC(=O)CCCCCCC,-3.39
816-79-5,CC=C(CC)CC,1.72
811-97-2,FCC(F)(F)F,3.7
791-28-6,O=P(c1ccccc1)(c1ccccc1)c1ccccc1,-8.59
789-02-6,Clc1ccc(cc1)C(c1ccccc1Cl)C(Cl)(Cl)Cl,-5.87
779-02-2,Cc1c2ccccc2cc2ccccc21,-4.4
776-35-2,C1Cc2ccccc2-c2ccccc21,-3.22
771-61-9,Oc1c(F)c(F)c(F)c(F)c1F,0.46
768-33-2,C[Si](C)(Cl)c1ccccc1,-0.14
766-51-8,COc1ccccc1Cl,-0.62
765-09-3,CCCCCCCCCCCCCBr,-2.87
763-32-6,CC(=C)CCO,0.55
763-29-1,CCCC(C)=C,2.29
762-04-9,CCOP(O)OCC,1.05
760-21-4,CCC(=C)CC,2.24
760-20-3,CCC(C)C=C,2.43
759-94-4,CCSC(=O)N(CCC)CCC,-1.62
754-91-6,NS(=O)(=O)C(F)(F)C(F)(F)C(F)(F)C(F)(F)C(F)(F)C(F)(F)C(F)(F)C(F)(F)F,-0.61
741-58-2,CC(C)OP(=S)(OC(C)C)SCCNS(=O)(=O)c1ccccc1,-6.1
732-26-3,CC(C)(C)c1cc(c(O)c(c1)C(C)(C)C)C(C)(C)C,-3.18
731-27-1,CN(C)S(=O)(=O)N(SC(F)(Cl)Cl)c1ccc(C)cc1,-5.82
730-40-5,Nc1ccc(cc1)N=Nc1ccc(cc1)[N+]([O-])=O,-9.52
709-98-8,CCC(=O)Nc1cc(Cl)c(Cl)cc1,-6.04
700-12-9,Cc1c(C)c(C)cc(C)c1C,-1.46
698-71-5,Cc1cc(CC)cc(O)c1,-2.06
697-82-5,Cc1cc(O)c(C)c(C)c1,-2.42
696-28-6,Cl[As](Cl)c1ccccc1,-0.95
693-67-4,CCCCCCCCCCCBr,-1.92
693-65-2,CCCCCOCCCCC,-0.07
693-54-9,CCCCCCCCC(C)=O,-0.57
693-21-0,[O-][N+](=O)OCCOCCO[N+]([O-])=O,-2.23
693-07-2,CCSCCCl,0.53
692-45-5,C=COC=O,2.5
691-37-2,CC(C)CC=C,2.43
689-97-4,C=CC#C,3.13
684-16-2,O=C(C(F)(F)F)C(F)(F)F,3.35
683-08-9,CP(=O)(OCC)OCC,-1.88
680-31-9,CN(C)P(=O)(N(C)C)N(C)C,-1.34
677-21-4,C=CC(F)(F)F,3.64
675-20-7,O=C1CCCCN1,-2.36
674-82-8,C=C1CC(=O)O1,1.03
672-65-1,CC(Cl)c1ccccc1,-0.19
661-11-0,CCCCCCCF,1.26
659-70-1,CC(C)CC(=O)OCCC(C)C,-0.05
646-06-0,C1OCCO1,1.9
645-62-5,CCCC=C(CC)C=O,0.11
645-56-7,CCCc1ccc(O)cc1,-1.43
644-49-5,CCCOC(=O)C(C)C,0.92
644-35-9,CCCc1ccccc1O,-1.05
640-15-3,CCSCCSP(=S)(OC)OC,-4.77
638-67-5,CCCCCCCCCCCCCCCCCCCCCCC,-4.76
638-53-9,CCCCCCCCCCCCC(O)=O,-4.9
638-45-9,CCCCCCI,0.15
638-02-8,Cc1ccc(C)[s]1,0.99
637-97-8,CCCC(C)I,1.04
637-92-3,CCOC(C)(C)C,2.09
637-78-5,CCC(=O)OC(C)C,1.35
635-11-0,CC(C)c1cc(C(C)C)c(cc1C(C)C)C(C)C,-2.7
634-97-9,OC(=O)c1ccc[nH]1,-5.65
634-66-2,Clc1ccc(Cl)c(Cl)c1Cl,-1.41
631-36-7,CC[Si](CC)(CC)CC,0.7
630-20-6,ClCC(Cl)(Cl)Cl,1.08
630-07-9,CCCCCCCCCCCCCCCCCCCCCCCCCCCCCCCCCCC,-11.27
630-05-7,CCCCCCCCCCCCCCCCCCCCCCCCCCCCCCCCC,-10.4
630-04-6,CCCCCCCCCCCCCCCCCCCCCCCCCCCCCCC,-10.85
630-02-4,CCCCCCCCCCCCCCCCCCCCCCCCCCCC,-8.8
630-01-3,CCCCCCCCCCCCCCCCCCCCCCCCCC,-6.33
629-99-2,CCCCCCCCCCCCCCCCCCCCCCCCC,-5.82
629-96-9,CCCCCCCCCCCCCCCCCCCCO,-7.34
629-94-7,CCCCCCCCCCCCCCCCCCCCC,-4.06
629-93-6,CCCCCCCCCCCCCCCCCCI,-5.72
629-78-7,CCCCCCCCCCCCCCCCC,-3.64
629-76-5,CCCCCCCCCCCCCCCO,-4.41
629-73-2,CCCCCCCCCCCCCCC=C,-2.58
629-62-9,CCCCCCCCCCCCCCC,-2.46
629-59-4,CCCCCCCCCCCCCC,-1.94
629-50-5,CCCCCCCCCCCCC,-1.25
629-27-6,CCCCCCCCI,-0.6
629-20-9,C1C=CC=CC=CC=1,0.89
629-19-6,CCCSSCCC,-0.29
629-11-8,OCCCCCCO,-3.3
629-06-1,CCCCCCCCl,0.45
629-05-0,CCCCCCC#C,1.13
628-99-9,CCCCCCC[C@H](C)O,-1.17
628-97-7,CCCCCCCCCCCCCCCC(=O)OCC,-4.63
628-96-6,[O-][N+](=O)OCCO[N+]([O-])=O,-1.14
628-81-9,CCCCOCC,1.71
628-76-2,ClCCCCCCl,0.05
628-73-9,CCCCCC#N,0.45
628-63-7,CCCCCOC(C)=O,0.54
628-61-5,CCCCCCC(C)Cl,0.14
628-55-7,CC(C)COCC(C)C,1.19
628-36-4,O=CNNC=O,-6.13
628-32-0,CCOCCC,2.26
628-29-5,CCCCSC,1.19
628-17-1,CCCCCI,0.64
627-97-4,CCCCC=C(C)C,1.25
627-93-0,COC(=O)CCCCC(=O)OC,-1.22
627-63-4,O=C(Cl)/C=C/C(=O)Cl,0.32
627-59-8,CC(C)CCC(C)O,0.31
627-21-4,CC#CCC,2.37
627-18-9,OCCCBr,-1
627-13-4,CCCO[N+]([O-])=O,1.37
627-12-3,CCCOC(N)=O,-1.26
626-93-7,CCCCC(C)O,0.4
626-67-5,CN1CCCCC1,1.29
626-55-1,Brc1c[n]ccc1,0.24
625-84-3,Cc1ccc(C)[nH]1,-0.09
625-80-9,CC(C)SC(C)C,1.28
625-77-4,CC(=O)NC(C)=O,-2
625-58-1,CCO[N+]([O-])=O,1.81
625-55-8,CC(C)OC=O,2.14
625-45-6,COCC(O)=O,-0.84
625-29-6,CCCC(C)Cl,1.69
625-27-4,CCC=C(C)C,2.2
625-23-0,CCCCC(C)(C)O,0.32
625-04-7,CC(=O)CC(C)(C)N,-0.7
624-95-3,CC(C)(C)CCO,0.39
624-92-0,CSSC,1.46
624-83-9,CN=C=O,2.54
624-72-6,FCCF,2.79
624-54-4,CCCCCOC(=O)CC,0.56
624-24-8,CCCCC(=O)OC,1.28
623-73-4,CCOC(=O)C=[N+]=[N-],0.45
623-48-3,CCOC(=O)CI,-0.2
623-37-0,CC[C@H](O)CCC,0.68
622-97-9,Cc1ccc(C=C)cc1,0.26
622-96-8,Cc1ccc(CC)cc1,0.48
622-45-7,CC(=O)OC1CCCCC1,1.03
620-17-7,CCc1cccc(O)c1,-1.3
620-14-4,Cc1cccc(CC)c1,0.48
619-99-8,CCCC(CC)CC,1.3
618-85-9,Cc1cc(cc(c1)[N+]([O-])=O)[N+]([O-])=O,-3.39
618-46-2,O=C(Cl)c1cc(Cl)ccc1,-0.85
618-32-6,O=C(Br)c1ccccc1,-0.65
617-84-5,CCN(CC)C=O,0.08
617-78-7,CCC(CC)CC,1.76
617-29-8,CC(C)C(O)CCC,0.13
616-45-5,O=C1CCCN1,-2.02
616-44-4,Cc1c[s]cc1,1.35
616-21-7,CCC(Cl)CCl,1.32
616-20-6,CCC(Cl)CC,1.67
615-77-0,CN1C=CC(=O)NC1=O,-3.29
615-37-2,Cc1ccccc1I,-0.34
614-99-3,CCOC(=O)c1ccco1,-0.43
613-12-7,Cc1cc2cc3ccccc3cc2cc1,-5.27
612-60-2,Cc1cc2[n]cccc2cc1,-2.05
612-00-0,CC(c1ccccc1)c1ccccc1,-1.85
611-34-7,Nc1cccc2[n]cccc21,-4.77
611-15-4,Cc1ccccc1C=C,0.27
611-14-3,Cc1ccccc1CC,0.42
610-69-5,CC(=O)Oc1ccccc1[N+]([O-])=O,-2.66
609-26-7,CC(C)C(CC)CC,1.38
608-93-5,Clc1c(Cl)c(Cl)cc(Cl)c1Cl,-3
608-34-4,CN1C(=O)NC=CC1=O,-3.15
605-32-3,Oc1cc2c(cc1)C(=O)c1ccccc1C2=O,-10.16
603-34-9,c1ccccc1N(c1ccccc1)c1ccccc1,-3.41
603-32-7,c1ccccc1[As](c1ccccc1)c1ccccc1,-4.3
600-36-2,CC(C)C(O)C(C)C,0.48
600-24-8,CCC(C)[N+]([O-])=O,0.89
600-00-0,CCOC(=O)C(C)(C)Br,0.42
598-88-9,FC(Cl)=C(F)Cl,2.95
598-77-6,CC(Cl)C(Cl)Cl,0.49
598-75-4,CC(C)C(C)O,0.96
598-61-8,CC1CCC1,3.17
598-53-8,COC(C)C,2.78
598-31-2,CC(=O)CBr,1.95
598-14-1,CC[As](Cl)Cl,0.36
598-03-8,CCCS(=O)(=O)CCC,-2.39
597-96-6,CC[C@@](C)(O)CCC,0.29
594-82-1,CC(C)(C)C(C)(C)C,1.32
594-72-9,CC(Cl)(Cl)[N+]([O-])=O,1.23
594-70-7,CC(C)(C)[N+]([O-])=O,1.08
594-60-5,CC(C)C(C)(C)O,0.51
594-56-9,CC(=C)C(C)(C)C,2.05
594-42-3,ClSC(Cl)(Cl)Cl,0.48
593-96-4,CC(Cl)Br,1.93
593-79-3,C[Se]C,2.38
593-77-1,CNO,0.22
593-60-2,C=CBr,3.01
593-59-9,CC[As],2.7
593-53-3,CF,3.46
593-45-3,CCCCCCCCCCCCCCCCCC,-3.47
593-08-8,CCCCCCCCCCCC(C)=O,-1.98
592-99-4,CCC/C=C/CCC,1.25
592-84-7,CCCCOC=O,1.46
592-77-8,CC=CCCCC,1.68
592-76-7,CCCCCC=C,1.77
592-50-7,CCCCCF,2.27
592-48-3,CCC=CC=C,2.11
592-47-2,CCC=CCC,2.22
592-42-7,C=CCCC=C,2.34
592-41-6,CCCCC=C,2.26
592-34-7,CCCCOC(=O)Cl,0.82
592-13-2,CC(C)CCC(C)C,1.48
591-97-9,CC=CCCl,1.84
591-95-7,CCC=C=C,2.57
591-87-7,CC(=O)OCC=C,1.43
591-78-6,CCCCC(C)=O,1.06
591-76-4,CCCCC(C)C,1.82
591-48-0,CC1CCCC=C1,1.54
591-35-5,Oc1cc(Cl)cc(Cl)c1,-2.07
591-23-1,CC1CC(O)CCC1,-0.32
591-22-0,Cc1c[n]cc(C)c1,0.24
590-86-3,CC(C)CC=O,1.7
590-73-8,CCCCC(C)(C)C,1.53
590-67-0,CC1(O)CCCCC1,0.05
590-36-3,CCCC(C)(C)O,0.93
590-35-2,CCCC(C)(C)C,2.02
590-21-6,C/C=C/Cl,2.71
590-01-2,CCCCOC(=O)CC,0.65
589-98-0,CCCCC[C@@H](O)CC,-0.59
589-93-5,Cc1c[n]c(C)cc1,0.53
589-90-2,CC1CCC(C)CC1,1.25
589-82-2,CCCC[C@@H](O)CC,-0.13
589-81-1,CCCCC(C)CC,1.29
589-59-3,CC(C)COC(=O)CC(C)C,0.27
589-55-9,CCCC(O)CCC,0
589-53-7,CC(CCC)CCC,1.31
589-38-8,CCC(=O)CCC,1.14
589-34-4,CCC(C)CCC,1.79
589-16-2,CCc1ccc(N)cc1,-0.84
586-62-9,CC(C)=C1CC=C(C)CC1,-0.13
585-79-5,[O-][N+](=O)c1cccc(Br)c1,-1.15
585-76-2,OC(=O)c1cccc(Br)c1,-4.04
584-94-1,CC(C)C(C)CCC,1.37
584-84-9,Cc1ccc(cc1N=C=O)N=C=O,-2.1
584-79-2,CC(C)=CC1C(C(=O)OC2CC(=O)C(CC=C)=C2C)C1(C)C,-5.92
584-02-1,CCC(O)CC,0.94
583-78-8,Oc1cc(Cl)ccc1Cl,-1.25
583-61-9,Cc1ccc[n]c1C,0.43
583-58-4,Cc1c[n]ccc1C,0.09
583-48-2,CC(CC)C(C)CC,1.34
581-42-0,Cc1cc2ccc(C)cc2cc1,-2.37
581-40-8,Cc1cc2ccccc2cc1C,-2.96
580-17-6,Nc1cc2ccccc2[n]c1,-4.54
579-75-9,COc1ccccc1C(O)=O,-4.8
579-66-8,CCc1cccc(CC)c1N,-2.42
578-94-9,Cl[As]1c2ccccc2Nc2ccccc12,-12.7
577-55-9,CC(C)c1ccccc1C(C)C,-0.44
576-26-1,Cc1cccc(C)c1O,-0.77
576-24-9,Oc1cccc(Cl)c1Cl,-1.24
575-41-7,Cc1cc2ccccc2c(C)c1,-1.63
573-98-8,Cc1ccc2ccccc2c1C,-1.9
571-61-9,Cc1cccc2c1cccc2C,-2.3
569-41-5,Cc1cccc2cccc(C)c12,-2.32
565-80-0,CC(C)C(=O)C(C)C,1.13
565-77-5,CC(C)=C(C)C(C)C,1.35
565-69-5,CCC(=O)C(C)C,1.26
565-61-7,CCC(C)C(C)=O,1.06
565-59-3,CC(C)C(C)CC,1.84
563-80-4,CC(C)C(C)=O,1.72
563-79-1,CC(C)=C(C)C,2.1
563-78-0,CC(C)C(C)=C,2.4
563-58-6,CC=C(Cl)Cl,1.96
563-57-5,C=CC(Cl)Cl,1.85
563-54-2,CC(Cl)=CCl,1.96
563-47-3,CC(=C)CCl,2.01
563-46-2,CCC(C)=C,2.79
563-45-1,CC(C)C=C,2.96
563-12-2,CCOP(=S)(OCC)SCSP(=S)(OCC)OCC,-5.82
562-49-2,CC(C)(CC)CC,1.92
561-27-3,CN1CC[C@@]23[C@H]4Oc5c2c(C[C@@H]1[C@@H]3C=C[C@@H]4OC(C)=O)ccc5OC(C)=O,-9.12
560-21-4,CCC(C)(C)C(C)C,1.43
558-37-2,CC(C)(C)C=C,2.63
558-25-8,CS(=O)(=O)F,1.04
557-98-2,CC(=C)Cl,2.91
557-91-5,CC(Br)Br,1.41
557-36-8,CCCCCC[C@H](C)I,0.14
557-17-5,CCCOC,2.67
557-00-6,CCCOC(=O)CC(C)C,0.41
556-71-8,C[Si]1(C)O[Si](C)(C)O[Si](C)(C)O[Si](C)(C)O[Si](C)(C)O[Si](C)(C)O[Si](C)(C)O[Si](C)(C)O[Si](C)(C)O1,-4.75
556-68-3,C[Si]1(C)O[Si](C)(C)O[Si](C)(C)O[Si](C)(C)O[Si](C)(C)O[Si](C)(C)O[Si](C)(C)O[Si](C)(C)O1,-2.54
556-67-2,C[Si]1(C)O[Si](C)(C)O[Si](C)(C)O[Si](C)(C)O1,0.02
556-64-9,CSC#N,1.08
556-24-1,COC(=O)CC(C)C,1.15
555-77-1,ClCCN(CCCl)CCCl,-1.96
555-10-2,CC(C)C1CCC(=C)C=C1,0.2
554-12-1,CCC(=O)OC,1.92
553-90-2,COC(=O)C(=O)OC,0.06
553-26-4,c1c[n]ccc1-c1cc[n]cc1,-4.25
552-82-9,CN(c1ccccc1)c1ccccc1,-2.51
552-30-7,OC(=O)c1cc2c(cc1)C(=O)OC2=O,-5.01
551-62-2,Fc1ccc(F)c(F)c1F,1.69
547-63-7,COC(=O)C(C)C,1.69
546-80-5,CC(C)[C@@]12C[C@@H]1[C@@H](C)C(=O)C2,-0.39
545-06-2,N#CC(Cl)(Cl)Cl,1.87
544-76-3,CCCCCCCCCCCCCCCC,-2.84
544-63-8,CCCCCCCCCCCCCC(O)=O,-5.85
544-40-1,CCCCSCCCC,0.08
544-13-8,N#CCCCC#N,-2.08
544-10-5,CCCCCCCl,0.97
544-02-5,CC(C)CCSCCC(C)C,-0.5
543-59-9,CCCCCCl,1.52
543-49-7,CCCCCC(C)O,0.09
543-29-3,CC(C)CO[N+]([O-])=O,0.92
543-20-4,O=C(Cl)CCC(=O)Cl,-0.43
542-92-7,C1C=CC=C1,2.64
542-88-1,ClCOCCl,1.47
542-69-8,CCCCI,1.14
542-55-2,CC(C)COC=O,1.6
542-18-7,ClC1CCCCC1,0.83
541-73-1,Clc1cc(Cl)ccc1,0.33
541-58-2,Cc1[n]c(C)c[s]1,0.71
541-41-3,CCOC(=O)Cl,1.35
541-33-3,CCCC(Cl)Cl,1.36
541-31-1,CC(C)CCS,1.31
541-25-3,ClC=C[As](Cl)Cl,-0.24
541-02-6,C[Si]1(C)O[Si](C)(C)O[Si](C)(C)O[Si](C)(C)O[Si](C)(C)O1,-0.7
541-01-5,C[Si](C)(C)O[Si](C)(C)O[Si](C)(C)O[Si](C)(C)O[Si](C)(C)O[Si](C)(C)O[Si](C)(C)C,-2.5
540-97-6,C[Si]1(C)O[Si](C)(C)O[Si](C)(C)O[Si](C)(C)O[Si](C)(C)O[Si](C)(C)O1,-1.65
540-84-1,CC(C)CC(C)(C)C,1.69
540-73-8,CNNC,1.84
540-67-0,CCOC,3.17
540-59-0,ClC=CCl,2.3
540-54-5,CCCCl,2.54
540-49-8,BrC=CBr,1.49
540-36-3,Fc1ccc(F)cc1,1.81
539-88-8,CC(=O)CCC(=O)OCC,-0.68
539-82-2,CCCCC(=O)OCC,0.68
538-86-3,COCc1ccccc1,0.22
538-07-8,CCN(CCCl)CCCl,-0.6
536-90-3,COc1cccc(N)c1,-1.12
536-75-4,CCc1cc[n]cc1,0.36
536-74-3,C#Cc1ccccc1,0.31
535-77-3,Cc1cccc(c1)C(C)C,0.24
535-13-7,CCOC(=O)[C@H](C)Cl,0.56
534-52-1,Cc1cc(cc(c1O)[N+]([O-])=O)[N+]([O-])=O,-3.92
534-22-5,Cc1ccco1,2.19
534-07-6,O=C(CCl)CCl,-0.2
533-98-2,CCC(Br)CBr,0.49
533-74-4,CN1CSC(=S)N(C)C1,-5.55
532-27-4,O=C(CCl)c1ccccc1,-2.27
530-50-7,NN(c1ccccc1)c1ccccc1,-3.31
530-48-3,C=C(c1ccccc1)c1ccccc1,-1.88
528-29-0,[O-][N+](=O)c1ccccc1[N+]([O-])=O,-4.34
527-84-4,Cc1ccccc1C(C)C,0.18
527-60-6,Cc1cc(C)c(O)c(C)c1,-1.76
526-75-0,Cc1cccc(O)c1C,-1.05
526-73-8,Cc1c(C)cccc1C,0.23
520-45-6,CC(=O)C1C(=O)C=C(C)OC1=O,-2.9
515-84-4,CCOC(=O)C(Cl)(Cl)Cl,0.58
513-88-2,CC(=O)C(Cl)Cl,1.43
513-53-1,CCC(C)S,1.91
513-48-4,CCC(C)I,1.23
513-44-0,CC(C)CS,1.84
513-35-9,CC=C(C)C,2.67
513-31-5,C=C(Br)CBr,0.88
512-56-1,COP(=O)(OC)OC,-0.07
510-15-6,CCOC(=O)C(O)(c1ccc(Cl)cc1)c1ccc(Cl)cc1,-5.66
509-14-8,[O-][N+](=O)C([N+]([O-])=O)([N+]([O-])=O)[N+]([O-])=O,0.93
507-70-0,CC1(C)[C@H]2C[C@@H](O)[C@@]1(C)CC2,-1.3
507-19-7,CC(C)(C)Br,2.13
507-02-8,CC(=O)I,1.51
506-96-7,CC(=O)Br,2.08
506-12-7,CCCCCCCCCCCCCCCCC(O)=O,-7.21
506-05-8,CCCCCCCCCCCF,-0.68
505-60-2,ClCCSCCCl,-0.96
505-29-3,C1CSCCS1,-0.1
504-63-2,OCCCO,-1.36
504-20-1,CC(C)=CC(=O)C=C(C)C,-0.56
503-74-2,CC(C)CC(O)=O,-0.36
503-30-0,C1CCO1,2.51
503-29-7,C1CCN1,2.25
502-56-7,CCCCC(=O)CCCC,-0.26
502-49-8,O=C1CCCCCCC1,-0.39
502-44-3,O=C1CCCCCO1,-0.87
501-65-5,c1ccccc1C#Cc1ccccc1,-2.64
501-53-1,O=C(Cl)OCc1ccccc1,-2.51
501-52-0,OC(=O)CCc1ccccc1,-2.57
498-66-8,C1C2CCC1C=C2,1.59
498-07-7,O[C@H]1[C@@H]2OC[C@@H](O2)[C@@H](O)[C@@H]1O,-7.12
496-78-6,Cc1cc(O)c(C)cc1C,-2.17
496-11-7,C1CCc2ccccc21,0.17
492-62-6,OC[C@H]1O[C@H](O)[C@H](O)[C@@H](O)[C@@H]1O,-13.1
491-35-0,Cc1cc[n]c2ccccc21,-2.2
485-31-4,CC(C)=CC(=O)Oc1c(cc(cc1[N+]([O-])=O)[N+]([O-])=O)C(C)CC,-6.5
471-47-6,NC(=O)C(O)=O,-6.33
471-46-5,NC(=O)C(N)=O,-7.2
470-82-6,CC1(C)OC2(C)CCC1CC2,0.28
470-67-7,CC12CCC(CC1)(O2)C(C)C,0.29
464-06-2,CC(C)C(C)(C)C,2.01
463-58-1,O=C=S,3.97
463-51-4,C=C=O,4.02
463-49-0,C=C=C,3.73
463-11-6,CCCCCCCCF,0.77
463-04-7,CCCCCON=O,0.6
462-95-3,CCOCOCC,1.53
462-06-6,Fc1ccccc1,1.89
461-57-4,COCC(F)F,2.48
460-73-1,FC(F)CC(F)(F)F,3.05
460-13-9,CCCF,3.3
460-12-8,C#CC#C,3.12
454-57-9,C[Si](C)(F)c1ccccc1,0.46
446-36-6,[O-][N+](=O)c1ccc(F)cc1O,-1.64
434-64-0,Fc1c(F)c(F)c(c(F)c1F)C(F)(F)F,1.46
431-89-0,FC(C(F)(F)F)C(F)(F)F,3.53
430-51-3,CC(=O)CF,1.8
422-56-0,FC(F)(F)C(F)(F)C(Cl)Cl,2.38
422-05-9,OCC(F)(F)C(F)(F)F,1.66
420-12-2,C1CS1,2.4
420-05-3,N#CO,2.91
420-04-2,NC#N,-2.43
406-78-0,FC(F)(F)COC(F)(F)C(F)F,2.33
392-85-8,Fc1ccccc1C(F)(F)F,1.58
392-56-3,Fc1c(F)c(F)c(F)c(F)c1F,1.93
375-22-4,OC(=O)C(F)(F)C(F)(F)C(F)(F)F,0.8
375-01-9,OCC(F)(F)C(F)(F)C(F)(F)F,1.52
374-07-2,FC(F)(F)C(F)(Cl)Cl,3.21
373-14-8,CCCCCCF,1.76
372-38-3,Fc1cc(F)cc(F)c1,2.02
372-18-9,Fc1cc(F)ccc1,1.92
371-62-0,OCCF,1.33
367-11-3,Fc1ccccc1F,1.73
363-72-4,Fc1c(F)c(F)cc(F)c1F,1.83
359-10-4,FC(F)=CCl,3.55
358-43-0,CC[Si](F)(CC)CC,1.57
356-18-3,FC1(F)C(F)(Cl)C(F)(Cl)C1(F)F,2.36
355-42-0,FC(F)(F)C(F)(F)C(F)(F)C(F)(F)C(F)(F)C(F)(F)F,2.34
355-25-9,FC(F)(F)C(F)(F)C(F)(F)C(F)(F)F,3.3
355-02-2,FC(F)(F)C1(F)C(F)(F)C(F)(F)C(F)(F)C(F)(F)C1(F)F,2.02
354-33-6,FC(F)C(F)(F)F,4.02
354-23-4,FC(Cl)C(F)(F)Cl,2.79
353-59-3,FC(F)(Cl)Br,3.31
353-36-6,CCF,3.84
352-93-2,CCSCC,1.78
352-70-5,Cc1cc(F)ccc1,1.34
350-50-5,FCc1ccccc1,0.83
344-07-0,Fc1c(F)c(F)c(Cl)c(F)c1F,1.25
344-04-7,Fc1c(F)c(F)c(Br)c(F)c1F,0.9
335-57-9,FC(F)(F)C(F)(F)C(F)(F)C(F)(F)C(F)(F)C(F)(F)C(F)(F)F,1.88
335-02-4,[O-][N+](=O)C(F)(F)F,3.85
334-68-9,CCCCCCCCCCCCF,-0.68
334-48-5,CCCCCCCCCC(O)=O,-3.44
333-41-5,Cc1cc([n]c([n]1)C(C)C)OP(=S)(OCC)OCC,-4.05
333-36-8,FC(F)(F)COCC(F)(F)F,2.19
330-54-1,CN(C)C(=O)Nc1cc(Cl)c(Cl)cc1,-7.16
329-99-7,CP(=O)(F)OC1CCCCC1,-1.36
329-71-5,[O-][N+](=O)c1ccc(cc1O)[N+]([O-])=O,-3.91
328-57-4,C[Si](F)(F)c1ccccc1,0.88
327-98-0,CCP(=S)(Oc1cc(Cl)c(Cl)cc1Cl)OCC,-4.82
327-54-8,Fc1cc(F)c(F)cc1F,1.75
314-40-9,CC1NC(=O)N(C(C)CC)C(=O)C=1Br,-6.51
311-89-7,FC(F)(F)C(F)(F)C(F)(F)C(F)(F)N(C(F)(F)C(F)(F)C(F)(F)C(F)(F)F)C(F)(F)C(F)(F)C(F)(F)C(F)(F)F,-0.26
311-45-5,CCOP(=O)(Oc1ccc(cc1)[N+]([O-])=O)OCC,-5.96
306-83-2,FC(F)(F)C(Cl)Cl,2.86
302-17-0,OC(O)C(Cl)(Cl)Cl,1.18
301-12-2,CCS(=O)CCSP(=O)(OC)OC,-4.55
300-76-5,COP(=O)(OC(Br)C(Cl)(Cl)Br)OC,-3.7
300-62-9,CC(N)Cc1ccccc1,-0.62
299-84-3,COP(=S)(Oc1cc(Cl)c(Cl)cc1Cl)OC,-4.12
298-02-2,CCSCSP(=S)(OCC)OCC,-3.2
298-01-1,C/C(=C\C(=O)OC)/OP(=O)(OC)OC,-3.91
298-00-0,COP(=S)(Oc1ccc(cc1)[N+]([O-])=O)OC,-5.46
297-97-2,CCOP(=S)(Oc1c[n]cc[n]1)OCC,-2.52
297-78-9,ClC1(Cl)C2(Cl)C3C(C(Cl)OC3Cl)C1(Cl)C(Cl)=C2Cl,-5.53
293-96-9,C1CCCCCCCCC1,-0.25
291-64-5,C1CCCCCC1,1.33
290-37-9,c1c[n]cc[n]1,1.03
288-47-1,c1[n]cc[s]1,1.23
288-14-2,c1cco[n]1,1.66
287-92-3,C1CCCC1,2.5
287-27-4,C1CCS1,1.72
286-08-8,C1C2CCCCC21,1.36
280-57-9,C1CN2CCN1CC2,-0.13
280-33-1,C1CC2CCC1CC2,0.52
262-12-4,c1cccc2Oc3ccccc3Oc21,-3.38
260-94-6,c1c2ccccc2[n]c2ccccc21,-3.87
243-17-4,C1c2ccccc2-c2cc3ccccc3cc21,-7.26
238-84-6,C1c2c3ccccc3ccc2-c2ccccc21,-6.61
230-27-3,c1cccc2ccc3ccc[n]c3c21,-3.66
229-87-8,c1[n]c2ccccc2c2ccccc21,-4.68
217-59-4,c1cccc2c1c1ccccc1c1ccccc12,-7.68
215-58-7,c1c2c3ccccc3c3ccccc3c2cc2ccccc21,-10
208-96-8,c1ccc2C=Cc3cccc1c32,-2.18
206-44-0,c1ccc2c3c(cccc31)-c1ccccc1-2,-5.04
205-99-2,c1c2c3c(cccc3-c3ccccc3-2)c2ccccc21,-6.3
198-55-0,c1ccc2c3c(cccc31)c1cccc3cccc2c31,-8.28
191-24-2,c1cc2ccc3cccc4c3c2c2c3c4cccc3ccc21,-10
191-07-1,c1cc2ccc3ccc4ccc5ccc6ccc1c1c6c5c4c3c21,-11.66
185-94-4,C1C2CCC21,2.56
156-87-6,NCCCO,-1.11
156-43-4,CCOc1ccc(N)cc1,-1.98
152-16-9,CN(C)P(=O)(OP(=O)(N(C)C)N(C)C)N(C)C,-3
151-56-4,C1CN1,2.33
151-18-8,NCCC#N,-0.07
150-68-5,CN(C)C(=O)Nc1ccc(Cl)cc1,-6.3
150-19-6,COc1cccc(O)c1,-1.71
149-74-6,C[Si](Cl)(Cl)c1ccccc1,-0.31
149-57-5,CCCCC(CC)C(O)=O,-1.52
148-24-3,Oc1cccc2ccc[n]c21,-2.78
145-73-3,OC(=O)C1C(C2CCC1O2)C(O)=O,-9.8
144-62-7,OC(=O)C(O)=O,-3.63
143-50-0,O=C1C2(Cl)C3(Cl)C4(Cl)C2(Cl)C2(Cl)C(Cl)(C3(Cl)C21Cl)C4(Cl)Cl,-6.65
143-27-1,CCCCCCCCCCCCCCCCN,-3.88
143-22-6,CCCCOCCOCCOCCO,-2.6
143-10-2,CCCCCCCCCCS,-1.44
143-08-8,CCCCCCCCCO,-1.64
143-07-7,CCCCCCCCCCCC(O)=O,-4.8
142-92-7,CCCCCCOC(C)=O,0.12
142-91-6,CCCCCCCCCCCCCCCC(=O)OC(C)C,-4.25
142-84-7,CCCNCCC,1.3
142-68-7,C1CCCCO1,1.85
142-62-1,CCCCCC(O)=O,-1.36
142-29-0,C1CCC=C1,2.58
141-97-9,CC(=O)CC(=O)OCC,-0.11
141-93-5,CCc1cc(CC)ccc1,0.05
141-82-2,OC(=O)CC(O)=O,-2.82
141-78-6,CCOC(C)=O,1.97
141-66-2,C/C(=C\C(=O)N(C)C)/OP(=O)(OC)OC,-3.8
141-63-9,C[Si](C)(C)O[Si](C)(C)O[Si](C)(C)O[Si](C)(C)O[Si](C)(C)C,-0.99
141-59-3,CC(C)(C)CC(C)(C)S,0.72
141-57-1,CCC[Si](Cl)(Cl)Cl,1.46
141-43-5,NCCO,-0.39
141-28-6,CCOC(=O)CCCCC(=O)OCC,-1.24
141-05-9,CCOC(=O)/C=C\C(=O)OCC,-0.98
140-88-5,CCOC(=O)C=C,1.59
140-66-9,CC(C)(C)CC(C)(C)c1ccc(O)cc1,-3.32
140-29-4,N#CCc1ccccc1,-1.05
140-11-4,CC(=O)OCc1ccccc1,-0.75
139-66-2,c1ccccc1Sc1ccccc1,-2.12
139-40-2,CC(C)Nc1[n]c(Cl)[n]c(NC(C)C)[n]1,-6.88
137-32-6,CCC(C)CO,0.49
137-26-8,CN(C)C(=S)SSC(=S)N(C)C,-4.76
137-17-7,Cc1cc(N)c(C)cc1C,-2.05
136-60-7,CCCCOC(=O)c1ccccc1,-2
136-35-6,c1ccccc1N=NNc1ccccc1,-4.72
135-98-8,CCC(C)c1ccccc1,0.24
135-01-3,CCc1ccccc1CC,0.02
134-81-6,O=C(c1ccccc1)C(=O)c1ccccc1,-3.68
134-62-3,Cc1cc(ccc1)C(=O)N(CC)CC,-2.7
134-20-3,COC(=O)c1ccccc1N,-1.57
133-07-3,O=C1c2ccccc2C(=O)N1SC(Cl)(Cl)Cl,-6.8
133-06-2,O=C1C2CC=CCC2C(=O)N1SC(Cl)(Cl)Cl,-7.05
132-64-9,c1cccc2oc3ccccc3c21,-2.61
131-16-8,CCCOC(=O)c1ccccc1C(=O)OCCC,-3.88
131-11-3,COC(=O)c1ccccc1C(=O)OC,-2.51
129-00-0,c1cc2cccc3ccc4cccc1c4c32,-5.35
128-95-0,Nc1ccc(N)c2c1C(=O)c1ccccc1C2=O,-9.7
128-37-0,Cc1cc(c(O)c(c1)C(C)(C)C)C(C)(C)C,-2.29
127-41-3,CC1=CCCC(C)(C)C1/C=C/C(C)=O,-1.76
127-19-5,CC(=O)N(C)C,0.3
127-18-4,ClC(Cl)=C(Cl)Cl,1.27
127-00-4,CC(O)CCl,0.69
126-99-8,C=CC(=C)Cl,2.33
126-98-7,CC(=C)C#N,1.85
126-72-7,O=P(OCC(Br)CBr)(OCC(Br)CBr)OCC(Br)CBr,-3.72
124-73-2,FC(F)(Br)C(F)(F)Br,2.51
124-68-5,CC(C)(N)CO,0
124-38-9,O=C=O,4.68
124-22-1,CCCCCCCCCCCCN,-2.09
124-19-6,CCCCCCCCC=O,-0.43
124-17-4,CCCCOCCOCCOC(C)=O,-1.4
124-13-0,CCCCCCCC=O,0.07
124-12-9,CCCCCCCC#N,-0.41
124-10-7,CCCCCCCCCCCCCC(=O)OC,-3.31
124-09-4,NCCCCCCN,-0.93
124-07-2,CCCCCCCC(O)=O,-2.43
124-04-9,OC(=O)CCCCC(O)=O,-6.5
124-02-7,C=CCNCC=C,1.31
123-99-9,OC(=O)CCCCCCCC(O)=O,-7.97
123-92-2,CC(C)CCOC(C)=O,0.75
123-91-1,C1COCCO1,1.58
123-86-4,CCCCOC(C)=O,1.06
123-77-3,NC(=O)N=NC(N)=O,-9.73
123-76-2,CC(=O)CCC(O)=O,-2.95
123-75-1,C1CCCN1,1.8
123-72-8,CCCC=O,2.05
123-63-7,CC1OC(C)OC(C)O1,1.04
123-62-6,CCC(=O)OC(=O)CC,0.13
123-54-6,CC(=O)CC(C)=O,0.47
123-51-3,CC(C)CCO,0.37
123-42-2,CC(=O)CC(C)(C)O,0.23
123-35-3,CC(C)=CCCC(=C)C=C,0.3
123-31-9,Oc1ccc(O)cc1,-4.62
123-30-8,Nc1ccc(O)cc1,-4.4
123-19-3,CCCC(=O)CCC,0.79
123-11-5,COc1ccc(C=O)cc1,-1.48
123-08-0,Oc1ccc(C=O)cc1,-3.95
123-05-7,CCCCC(CC)C=O,0.26
123-04-6,CCCCC(CCl)CC,0.08
123-02-4,CCCCCCCCCCCCCc1ccccc1,-4.9
122-99-6,OCCOc1ccccc1,-2.15
122-98-5,OCCNc1ccccc1,-2.66
122-97-4,OCCCc1ccccc1,-1.7
122-78-1,O=CCc1ccccc1,-0.41
122-66-7,c1ccccc1NNc1ccccc1,-3.36
122-60-1,C(Oc1ccccc1)C1CO1,-2
122-51-0,CCOC(OCC)OCC,0.59
122-42-9,CC(C)OC(=O)Nc1ccccc1,-3.85
122-39-4,c1ccccc1Nc1ccccc1,-3.17
122-14-5,Cc1cc(ccc1[N+]([O-])=O)OP(=S)(OC)OC,-4.27
121-82-4,[O-][N+](=O)N1CN(CN(C1)[N+]([O-])=O)[N+]([O-])=O,-8.39
121-75-5,CCOC(=O)C(CC(=O)OCC)SP(=S)(OC)OC,-5.47
121-69-7,CN(C)c1ccccc1,-0.15
121-44-8,CCN(CC)CC,1.76
121-32-4,CCOc1cc(C=O)ccc1O,-4.98
121-29-9,COC(=O)/C(/C)=C/[C@@H]1[C@@H](C(=O)O[C@H]2CC(=O)C(C/C=C\C=C)=C2C)C1(C)C,-6.4
121-21-1,CC(C)=C[C@@H]1[C@@H](C(=O)O[C@H]2CC(=O)C(C/C=C\C=C)=C2C)C1(C)C,-4.69
120-94-5,CN1CCCC1,2
120-92-3,O=C1CCCC1,1.06
120-83-2,Oc1ccc(Cl)cc1Cl,-1.05
120-80-9,Oc1ccccc1O,-2.44
120-75-2,Cc1[n]c2ccccc2[s]1,-1.52
120-72-9,c1cccc2[nH]ccc21,-1.91
120-61-6,COC(=O)c1ccc(cc1)C(=O)OC,-2
120-57-0,O=Cc1cc2OCOc2cc1,-2
120-51-4,O=C(OCc1ccccc1)c1ccccc1,-3.65
120-32-1,Oc1ccc(Cl)cc1Cc1ccccc1,-5.85
120-12-7,c1c2ccccc2cc2ccccc21,-5.19
119-75-5,[O-][N+](=O)c1ccccc1Nc1ccccc1,-5
119-64-2,C1CCCc2ccccc21,-0.43
119-61-9,O=C(c1ccccc1)c1ccccc1,-2.71
119-36-8,COC(=O)c1ccccc1O,-1.46
119-15-3,[O-][N+](=O)c1cc(ccc1Nc1ccc(O)cc1)[N+]([O-])=O,-11.4
119-12-0,CCOP(=S)(OC1C=CC(=O)N(N=1)c1ccccc1)OCC,-7.96
118-91-2,OC(=O)c1ccccc1Cl,-3.18
118-90-1,Cc1ccccc1C(O)=O,-3.18
118-74-1,Clc1c(Cl)c(Cl)c(Cl)c(Cl)c1Cl,-4.74
117-84-0,CCCCCCCCOC(=O)c1ccccc1C(=O)OCCCCCCCC,-7
117-81-7,CCCCC(COC(=O)c1ccccc1C(=O)OCC(CCCC)CC)CC,-6.85
117-80-6,O=C1c2ccccc2C(=O)C(Cl)=C1Cl,-5.96
117-18-0,[O-][N+](=O)c1c(Cl)c(Cl)cc(Cl)c1Cl,-2.74
116-85-8,Nc1ccc(O)c2c1C(=O)c1ccccc1C2=O,-8.52
116-54-1,COC(=O)C(Cl)Cl,0.65
116-29-0,O=S(=O)(c1cc(Cl)c(Cl)cc1Cl)c1ccc(Cl)cc1,-9.62
116-15-4,FC(F)=C(F)C(F)(F)F,3.69
116-14-3,FC(F)=C(F)F,4.39
116-06-3,CNC(=O)ON=CC(C)(C)SC,-4.46
115-96-8,O=P(OCCCl)(OCCCl)OCCCl,-1.21
115-95-7,CC(C)=CCCC(C)(C=C)OC(C)=O,-0.95
115-86-6,O=P(Oc1ccccc1)(Oc1ccccc1)Oc1ccccc1,-5.2
115-84-4,CCCCC(CO)(CO)CC,-4
115-32-2,OC(c1ccc(Cl)cc1)(c1ccc(Cl)cc1)C(Cl)(Cl)Cl,-6.4
115-26-4,CN(C)P(=O)(F)N(C)C,-0.96
115-25-3,FC1(F)C(F)(F)C(F)(F)C1(F)F,3.37
115-22-0,CC(=O)C(C)(C)O,0.79
115-19-5,CC(C)(O)C#C,1.2
115-17-3,O=CC(Br)(Br)Br,0.18
115-11-7,CC(C)=C,3.36
115-07-1,CC=C,3.94
114-26-1,CNC(=O)Oc1ccccc1OC(C)C,-5.01
113-48-4,CCC(CN1C(=O)C2C(C3CC2C=C3)C1=O)CCCC,-4.74
112-95-8,CCCCCCCCCCCCCCCCCCCC,-5.34
112-92-5,CCCCCCCCCCCCCCCCCCO,-5.57
112-89-0,CCCCCCCCCCCCCCCCCCBr,-5.23
112-82-3,CCCCCCCCCCCCCCCCBr,-4.31
112-80-1,CCCCCCCC/C=C\CCCCCCCC(O)=O,-5.85
112-73-2,CCCCOCCOCCOCCCC,-1.58
112-71-0,CCCCCCCCCCCCCCBr,-3.35
112-70-9,CCCCCCCCCCCCCO,-3.36
112-63-0,CCCCC/C=C\C/C=C\CCCCCCCC(=O)OC,-5.44
112-61-8,CCCCCCCCCCCCCCCCCC(=O)OC,-4.87
112-60-7,OCCOCCOCCOCCO,-4.33
112-59-4,CCCCCCOCCOCCO,-2.93
112-57-2,NCCNCCNCCNCCN,-6.1
112-55-0,CCCCCCCCCCCCS,-2.07
112-54-9,CCCCCCCCCCCC=O,-1.82
112-52-7,CCCCCCCCCCCCCl,-2.2
112-51-6,CCCCCSSCCCCC,-2.2
112-50-5,CCOCCOCCOCCO,-2
112-48-1,CCCCOCCOCCCC,-1.05
112-42-5,CCCCCCCCCCCO,-2.53
112-41-4,CCCCCCCCCCC=C,-0.8
112-39-0,CCCCCCCCCCCCCCCC(=O)OC,-4.33
112-38-9,C=CCCCCCCCCC(O)=O,-3.03
112-37-8,CCCCCCCCCCC(O)=O,-2.42
112-34-5,CCCCOCCOCCO,-1.66
112-31-2,CCCCCCCCCC=O,-0.99
112-30-1,CCCCCCCCCCO,-2.07
112-27-6,OCCOCCOCCO,-2.88
112-26-5,ClCCOCCOCCCl,-1.22
112-25-4,CCCCCCOCCO,-0.81
112-20-9,CCCCCCCCCN,-0.56
112-15-2,CCOCCOCCOC(C)=O,-1
112-12-9,CCCCCCCCCC(C)=O,-1.38
112-07-2,CCCCOCCOC(C)=O,-0.43
112-05-0,CCCCCCCCC(O)=O,-2.78
111-96-6,COCCOCCOC,0.47
111-91-1,ClCCOCOCCCl,-0.88
111-90-0,CCOCCOCCO,-0.9
111-88-6,CCCCCCCCS,-0.37
111-86-4,CCCCCCCCN,-0.01
111-85-3,CCCCCCCCCl,-0.02
111-84-2,CCCCCCCCC,0.65
111-82-0,CCCCCCCCCCCC(=O)OC,-2.39
111-78-4,C1CC=CCCC=C1,0.69
111-77-3,COCCOCCO,-0.6
111-71-7,CCCCCCC=O,0.55
111-70-6,CCCCCCCO,-0.67
111-69-3,N#CCCCCC#N,-3.17
111-67-1,CC=CCCCCC,1.21
111-66-0,CCCCCCC=C,1.24
111-65-9,CCCCCCCC,1.15
111-55-7,CC(=O)OCCOC(C)=O,-1.11
111-49-9,C1CCCCCN1,0.91
111-48-8,OCCSCCO,-2.49
111-46-6,OCCOCCO,-2.24
111-44-4,ClCCOCCCl,0.19
111-43-3,CCCOCCC,1.8
111-41-1,NCCNCCO,-2.09
111-40-0,NCCNCCN,-0.64
111-36-4,CCCCN=C=O,1.25
111-31-9,CCCCCCS,0.62
111-30-8,O=CCCCC=O,-0.22
111-29-5,OCCCCCO,-2.41
111-26-2,CCCCCCN,0.95
111-25-1,CCCCCCBr,0.59
111-20-6,OC(=O)CCCCCCCCC(O)=O,-7.26
111-15-9,CCOCCOC(C)=O,0.37
111-14-8,CCCCCCC(O)=O,-1.97
111-13-7,CCCCCCC(C)=O,0.13
110-97-4,CC(O)CNCC(C)O,-3.9
110-96-3,CC(C)CNCC(C)C,0.86
110-94-1,OC(=O)CCCC(O)=O,-5.54
110-89-4,C1CCCCN1,1.51
110-88-3,C1OCOCO1,1.24
110-86-1,c1cccc[n]1,1.32
110-83-8,C1CCCC=C1,1.95
110-82-7,C1CCCCC1,1.99
110-81-6,CCSSCC,0.63
110-75-8,C=COCCCl,1.43
110-74-7,CCCOC=O,1.92
110-71-4,COCCOC,1.68
110-65-6,OCC#CCO,-3.25
110-63-4,OCCCCO,-1.98
110-62-3,CCCCC=O,1.42
110-59-8,CCCCC#N,0.86
110-58-7,CCCCCN,1.48
110-54-3,CCCCCC,2.18
110-53-2,CCCCCBr,1.1
110-52-1,BrCCCCBr,-0.21
110-45-2,CC(C)CCOC=O,1.18
110-43-0,CCCCCC(C)=O,0.59
110-42-9,CCCCCCCCCC(=O)OC,-1.43
110-33-8,CCCCCCOC(=O)CCCCC(=O)OCCCCCC,-5.54
110-27-0,CCCCCCCCCCCCCC(=O)OC(C)C,-4.03
110-19-0,CC(C)COC(C)=O,1.25
110-12-3,CC(C)CCC(C)=O,0.76
110-05-4,CC(C)(C)OOC(C)(C)C,1.4
110-02-1,c1ccc[s]1,1.9
110-00-9,c1ccco1,2.78
109-99-9,C1CCCO1,2.21
109-97-7,c1ccc[nH]1,0.92
109-93-3,C=COC=C,2.83
109-92-2,CCOC=C,2.71
109-89-7,CCNCC,2.38
109-86-4,COCCO,0.98
109-83-1,CNCCO,0.03
109-79-5,CCCCS,1.66
109-77-3,N#CCC#N,-0.7
109-75-1,C=CCC#N,1.27
109-74-0,CCCC#N,1.29
109-70-6,ClCCCBr,0.81
109-69-3,CCCCCl,2.01
109-67-1,CCCC=C,2.8
109-65-9,CCCCBr,1.62
109-64-8,BrCCCBr,0.13
109-61-5,CCCOC(=O)Cl,1.3
109-55-7,CN(C)CCCN,1
109-53-5,CC(C)COC=C,1.77
109-52-4,CCCCC(O)=O,-0.71
109-43-3,CCCCOC(=O)CCCCCCCCC(=O)OCCCC,-5.33
109-21-7,CCCC(=O)OCCCC,0.26
109-09-1,Clc1cccc[n]1,0.34
109-06-8,Cc1cccc[n]1,1.05
109-05-7,C[C@@H]1CCCCN1,1.29
109-04-6,Brc1cccc[n]1,-0.11
108-98-5,Sc1ccccc1,0.29
108-95-2,Oc1ccccc1,-0.46
108-94-1,O=C1CCCCC1,0.64
108-91-8,NC1CCCCC1,1
108-90-7,Clc1ccccc1,1.08
108-89-4,Cc1cc[n]cc1,0.76
108-87-2,CC1CCCCC1,1.66
108-86-1,Brc1ccccc1,0.62
108-84-9,CC(C)CC(C)OC(C)=O,0.6
108-82-7,CC(C)CC(O)CC(C)C,-0.52
108-78-1,Nc1[n]c(N)[n]c(N)[n]1,-9.44
108-75-8,Cc1cc(C)[n]c(C)c1,0.3
108-68-9,Cc1cc(O)cc(C)c1,-1.39
108-67-8,Cc1cc(C)cc(C)c1,0.39
108-65-6,COCC(C)OC(C)=O,0.59
108-60-1,CC(CCl)OC(C)CCl,-0.25
108-59-8,COC(=O)CC(=O)OC,-0.05
108-57-6,C=Cc1cc(ccc1)C=C,-0.24
108-48-5,Cc1cccc(C)[n]1,0.75
108-47-4,Cc1cc(C)[n]cc1,0.5
108-46-3,Oc1cc(O)ccc1,-3.31
108-44-1,Cc1cc(N)ccc1,-0.52
108-43-0,Oc1cc(Cl)ccc1,-0.9
108-42-9,Nc1cc(Cl)ccc1,-1.18
108-40-7,Cc1cc(S)ccc1,-0.26
108-39-4,Cc1cc(O)ccc1,-0.96
108-38-3,Cc1cc(C)ccc1,0.92
108-32-7,CC1COC(=O)O1,-1.35
108-31-6,O=C1C=CC(=O)O1,-0.6
108-30-5,O=C1CCC(=O)O1,-2.82
108-23-6,CC(C)OC(=O)Cl,1.57
108-21-4,CC(C)OC(C)=O,1.78
108-20-3,CC(C)OC(C)C,2.17
108-11-2,CC(C)CC(C)O,0.72
108-10-1,CC(C)CC(C)=O,1.3
108-08-7,CC(C)CC(C)C,1.9
108-03-2,CCC[N+]([O-])=O,1
108-01-0,CN(C)CCO,0.5
107-98-2,COCC(C)O,1.1
107-92-6,CCCC(O)=O,0.22
107-88-0,CC(O)CCO,-1.7
107-83-5,CCCC(C)C,2.32
107-82-4,CC(C)CCBr,1.54
107-81-3,CCCC(C)Br,1.33
107-52-8,C[Si](C)(C)O[Si](C)(C)O[Si](C)(C)O[Si](C)(C)O[Si](C)(C)O[Si](C)(C)C,-1.53
107-51-7,C[Si](C)(O[Si](C)(C)C)O[Si](C)(C)C,0.52
107-50-6,C[Si]1(C)O[Si](C)(C)O[Si](C)(C)O[Si](C)(C)O[Si](C)(C)O[Si](C)(C)O[Si](C)(C)O1,-1.95
107-46-0,C[Si](C)(C)O[Si](C)(C)C,1.62
107-44-8,CC(C)OP(C)(=O)F,0.46
107-41-5,CC(O)CC(C)(C)O,-1.89
107-39-1,CC(=C)CC(C)(C)C,1.65
107-37-9,C=CC[Si](Cl)(Cl)Cl,1.25
107-31-3,COC=O,2.77
107-25-5,COC=C,3.12
107-22-2,O=CC=O,2.41
107-21-1,OCCO,-1.04
107-19-7,C#CCO,1.19
107-18-6,C=CCO,1.42
107-15-3,NCCN,1.08
107-13-1,C=CC#N,2.04
107-12-0,CCC#N,1.68
107-11-9,C=CCN,2.38
107-08-4,CCCI,1.63
107-07-3,OCCCl,0.86
107-06-2,ClCCCl,1.9
107-04-0,ClCCBr,1.52
107-03-9,CCCS,2.19
107-02-8,C=CC=O,2.44
106-99-0,C=CC=C,3.32
106-98-9,CCC=C,3.35
106-97-8,CCCC,3.26
106-93-4,BrCCBr,1.05
106-89-8,ClCC1CO1,1.22
106-88-7,CCC1CO1,2.26
106-70-7,CCCCCC(=O)OC,0.57
106-68-3,CCCCCC(=O)CC,0.3
106-67-2,CC(C)CC(CO)CC,-0.63
106-63-8,CC(C)COC(=O)C=C,0.91
106-55-8,CC1CNC(C)CN1,0.42
106-51-4,O=C1C=CC(=O)C=C1,-1.05
106-48-9,Oc1ccc(Cl)cc1,-1.05
106-47-8,Nc1ccc(Cl)cc1,-1.57
106-46-7,Clc1ccc(Cl)cc1,0.24
106-44-5,Cc1ccc(O)cc1,-0.96
106-43-4,Cc1ccc(Cl)cc1,0.43
106-42-3,Cc1ccc(C)cc1,0.95
106-39-8,Clc1ccc(Br)cc1,-0.59
106-38-7,Cc1ccc(Br)cc1,0.06
106-37-6,Brc1ccc(Br)cc1,-1.24
106-35-4,CCCCC(=O)CC,0.42
106-31-0,CCCC(=O)OC(=O)CCC,-0.55
106-30-9,CCCCCCC(=O)OCC,-0.17
106-22-9,CC(CCO)CCC=C(C)C,-1.36
106-20-7,CCCCC(CNCC(CCCC)CC)CC,-2
105-76-0,CCCCOC(=O)/C=C\C(=O)OCCCC,-3.21
105-67-9,Cc1cc(C)c(O)cc1,-0.99
105-66-8,CCCOC(=O)CCC,0.77
105-59-9,CN(CCO)CCO,-3.7
105-58-8,CCOC(=O)OCC,1.03
105-57-7,CC(OCC)OCC,1.44
105-54-4,CCOC(=O)CCC,1.11
105-53-3,CCOC(=O)CC(=O)OCC,-0.57
105-48-6,CC(C)OC(=O)CCl,0.61
105-45-3,CC(=O)CC(=O)OC,-0.05
105-40-8,CCOC(=O)NC,-0.04
105-39-5,CCOC(=O)CCl,0.69
105-34-0,COC(=O)CC#N,-0.86
105-30-6,CCCC(C)CO,0.28
105-08-8,OCC1CCC(CC1)CO,-3.51
104-94-9,COc1ccc(N)cc1,-1.52
104-92-7,COc1ccc(Br)cc1,-0.69
104-90-5,Cc1ccc(CC)c[n]1,0.16
104-87-0,Cc1ccc(C=O)cc1,-0.6
104-85-8,Cc1ccc(cc1)C#N,-0.5
104-82-5,Cc1ccc(CCl)cc1,-0.53
104-75-6,CCCCC(CN)CC,0.15
104-72-3,CCCCCCCCCCc1ccccc1,-2.89
104-55-2,O=CC=Cc1ccccc1,-1.54
104-51-8,CCCCc1ccccc1,0.03
104-40-5,CCCCCCCCCc1ccc(O)cc1,-3.09
103-84-4,CC(=O)Nc1ccccc1,-3.7
103-82-2,OC(=O)Cc1ccccc1,-2.42
103-80-0,O=C(Cl)Cc1ccccc1,-0.7
103-71-9,O=C=Nc1ccccc1,0.41
103-70-8,O=CNc1ccccc1,-2.45
103-69-5,CCNc1ccccc1,-0.69
103-63-9,BrCCc1ccccc1,-0.61
103-50-4,C(OCc1ccccc1)c1ccccc1,-2.99
103-49-1,C(NCc1ccccc1)c1ccccc1,-3.1
103-41-3,O=C(C=Cc1ccccc1)OCc1ccccc1,-5
103-36-6,CCOC(=O)C=Cc1ccccc1,-2.49
103-33-3,c1ccccc1N=Nc1ccccc1,-3.44
103-29-7,C(Cc1ccccc1)c1ccccc1,-2.14
103-26-4,COC(=O)C=Cc1ccccc1,-1.46
103-23-1,CCCCC(COC(=O)CCCCC(=O)OCC(CCCC)CC)CC,-6.07
103-09-3,CCCCC(COC(C)=O)CC,-0.64
103-00-4,CC(O)CNC1CCCCC1,-1.8
102-82-9,CCCCN(CCCC)CCCC,-1.03
102-76-1,CC(=O)OC(COC(C)=O)COC(C)=O,-2.61
102-71-6,OCCN(CCO)CCO,-5.44
102-70-5,C=CCN(CC=C)CC=C,0.56
102-09-0,O=C(Oc1ccccc1)Oc1ccccc1,-3.82
102-07-8,O=C(Nc1ccccc1)Nc1ccccc1,-5.12
102-04-5,O=C(Cc1ccccc1)Cc1ccccc1,-3.13
101-84-8,c1ccccc1Oc1ccccc1,-1.65
101-83-7,C1CCCCC1NC1CCCCC1,-1.47
101-81-5,C(c1ccccc1)c1ccccc1,-2.09
101-55-3,Brc1ccc(cc1)Oc1ccccc1,-2.82
101-54-2,Nc1ccc(cc1)Nc1ccccc1,-4.92
101-42-8,CN(C)C(=O)Nc1ccccc1,-4.43
101-27-9,O=C(Nc1cc(Cl)ccc1)OCC#CCCl,-6.42
101-21-3,CC(C)OC(=O)Nc1cccc(Cl)c1,-3.74
101-05-3,Clc1ccccc1Nc1[n]c(Cl)[n]c(Cl)[n]1,-8.21
100-80-1,Cc1cc(C=C)ccc1,0.23
100-79-8,CC1(C)OCC(CO)O1,2.03
100-76-5,C1CN2CCC1CC2,0.28
100-71-0,CCc1cccc[n]1,0.69
100-69-6,C=Cc1cccc[n]1,0.44
100-68-5,CSc1ccccc1,-0.31
100-64-1,ON=C1CCCCC1,-1.55
100-63-0,NNc1ccccc1,-1.59
100-61-8,CNc1ccccc1,-0.34
100-53-8,SCc1ccccc1,-0.38
100-52-7,O=Cc1ccccc1,0.1
100-51-6,OCc1ccccc1,-1.03
100-46-9,NCc1ccccc1,-0.19
100-44-7,ClCc1ccccc1,0.09
100-43-6,C=Cc1cc[n]cc1,0.23
100-41-4,CCc1ccccc1,0.98
100-40-3,C=CC1CC=CCC1,1.2
100-39-0,BrCc1ccccc1,-0.35
100-23-2,CN(C)c1ccc(cc1)[N+]([O-])=O,-5.22
100-21-0,OC(=O)c1ccc(cc1)C(O)=O,-5.04
100-18-5,CC(C)c1ccc(cc1)C(C)C,-0.61
100-06-1,CC(=O)c1ccc(cc1)OC,-2.19
100-02-7,[O-][N+](=O)c1ccc(O)cc1,-4.01
100-01-6,Nc1ccc(cc1)[N+]([O-])=O,-5.49
99-99-0,Cc1ccc(cc1)[N+]([O-])=O,-1.8
99-97-8,Cc1ccc(cc1)N(C)C,-0.75
99-96-7,Oc1ccc(cc1)C(O)=O,-6.72
99-89-8,CC(C)c1ccc(O)cc1,-1.34
99-88-7,CC(C)c1ccc(N)cc1,-1.08
99-83-2,CC(C)C1CC=C(C)C=C1,0.15
99-82-1,CC(C)C1CCC(C)CC1,0.43
99-71-8,CCC(C)c1ccc(O)cc1,-1.43
99-62-7,CC(C)c1cc(ccc1)C(C)C,-0.41
99-61-6,[O-][N+](=O)c1cccc(c1)C=O,-2.14
99-54-7,[O-][N+](=O)c1cc(Cl)c(Cl)cc1,-1.99
99-47-8,[O-][N+](=O)c1cccc(c1)C(=O)CCl,-5.06
99-35-4,[O-][N+](=O)c1cc(cc(c1)[N+]([O-])=O)[N+]([O-])=O,-5.19
99-30-9,Nc1c(Cl)cc(cc1Cl)[N+]([O-])=O,-5.92
1999/8/1,Cc1cc(ccc1)[N+]([O-])=O,-0.69
1999/4/7,Cc1cc(ccc1)C(O)=O,-3.63
98-95-3,[O-][N+](=O)c1ccccc1,-0.61
98-87-3,ClC(Cl)c1ccccc1,-0.33
98-86-2,CC(=O)c1ccccc1,-0.4
98-83-9,CC(=C)c1ccccc1,0.28
98-56-6,FC(F)(F)c1ccc(Cl)cc1,0.88
98-55-5,CC1CCC(CC=1)C(C)(C)O,-1.37
98-54-4,CC(C)(C)c1ccc(O)cc1,-1.42
98-46-4,[O-][N+](=O)c1cc(ccc1)C(F)(F)F,-0.59
98-27-1,Cc1cc(ccc1O)C(C)(C)C,-1.55
98-13-5,Cl[Si](Cl)(Cl)c1ccccc1,-0.37
1998/8/8,FC(F)(F)c1ccccc1,1.59
1998/7/7,ClC(Cl)(Cl)c1ccccc1,-0.38
1998/6/6,CC(C)(C)c1ccccc1,0.34
98-00-0,OCc1ccco1,-0.22
97-99-4,OCC1CCCO1,-0.1
97-95-0,CCC(CO)CC,0.18
97-86-9,CC(=C)C(=O)OCC(C)C,0.56
97-85-8,CC(C)C(=O)OCC(C)C,0.64
97-64-3,CCOC(=O)C(C)O,0.57
97-62-1,CCOC(=O)C(C)C,1.4
97-54-1,CC=Cc1cc(OC)c(O)cc1,-1.92
97-53-0,COc1cc(CC=C)ccc1O,-1.65
97-00-7,[O-][N+](=O)c1cc(ccc1Cl)[N+]([O-])=O,-4.07
96-80-0,CC(C)N(CCO)C(C)C,-1.1
96-76-4,CC(C)(C)c1cc(ccc1O)C(C)(C)C,-2.32
96-64-0,CC(OP(C)(=O)F)C(C)(C)C,-0.4
96-54-8,C[n]1cccc1,1.33
96-49-1,O=C1OCCO1,-2.01
96-47-9,CC1CCCO1,1.99
96-43-5,Clc1ccc[s]1,1.38
96-41-3,OC1CCCC1,0.4
96-34-4,COC(=O)CCl,0.88
96-33-3,COC(=O)C=C,1.94
96-24-2,OCC(O)CCl,-0.7
96-22-0,CCC(=O)CC,1.58
96-19-5,ClCC(Cl)=CCl,0.64
96-18-4,ClC(CCl)CCl,0.57
96-13-9,OCC(Br)CBr,-1.04
1996/12/8,ClCC(Br)CBr,-0.24
1996/9/3,C1OC1c1ccccc1,-0.52
95-95-4,Oc1cc(Cl)c(Cl)cc1Cl,-2.12
95-94-3,Clc1cc(Cl)c(Cl)cc1Cl,-2.27
95-93-2,Cc1cc(C)c(C)cc1C,-0.28
95-87-4,Cc1cc(O)c(C)cc1,-0.81
95-80-7,Cc1ccc(N)cc1N,-3.77
95-78-3,Cc1cc(N)c(C)cc1,-0.82
95-75-0,Cc1cc(Cl)c(Cl)cc1,-0.5
95-73-8,Cc1ccc(Cl)cc1Cl,-0.34
95-68-1,Cc1cc(C)c(N)cc1,-0.88
95-64-7,Cc1cc(N)ccc1C,-1.55
95-63-6,Cc1cc(C)c(C)cc1,0.32
95-57-8,Oc1ccccc1Cl,0.4
95-53-4,Cc1ccccc1N,-0.59
95-52-3,Cc1ccccc1F,1.39
95-51-2,Nc1ccccc1Cl,-0.69
95-49-8,Cc1ccccc1Cl,0.54
95-48-7,Cc1ccccc1O,-0.52
95-47-6,Cc1ccccc1C,0.82
95-31-8,CC(C)(C)NSc1[n]c2ccccc2[s]1,-6.34
95-15-8,c1cccc2[s]ccc21,-0.62
95-13-6,C1C=Cc2ccccc21,0.04
94-99-5,ClCc1ccc(Cl)cc1Cl,-1.49
94-96-2,CCC(CO)C(O)CCC,-2.52
94-81-5,Cc1cc(Cl)ccc1OCCCC(O)=O,-6.36
94-75-7,OC(=O)COc1ccc(Cl)cc1Cl,-4.08
94-74-6,Cc1cc(Cl)ccc1OCC(O)=O,-5.23
94-46-2,CC(C)CCOC(=O)c1ccccc1,-0.85
94-02-0,CCOC(=O)CC(=O)c1ccccc1,-3.39
93-99-2,O=C(Oc1ccccc1)c1ccccc1,-2.77
93-97-0,O=C(OC(=O)c1ccccc1)c1ccccc1,-3.93
93-79-8,CCCCOC(=O)COc1cc(Cl)c(Cl)cc1Cl,-4.82
93-76-5,OC(=O)COc1cc(Cl)c(Cl)cc1Cl,-4.43
93-71-0,C=CCN(CC=C)C(=O)CCl,-2.03
93-55-0,CCC(=O)c1ccccc1,-0.77
93-53-8,CC(C=O)c1ccccc1,-0.57
93-52-7,BrCC(Br)c1ccccc1,-1.97
93-15-2,COc1ccc(CC=C)cc1OC,-1.92
1993/9/4,OC(=O)c1cc2ccccc2cc1,-5.18
1993/8/3,CC(=O)c1cc2ccccc2cc1,-3.21
92-94-4,c1cc(ccc1-c1ccccc1)-c1ccccc1,-7
92-66-0,Brc1ccc(cc1)-c1ccccc1,-2.63
92-54-6,C1CN(CCN1)c1ccccc1,-2.26
92-51-3,C1CCCCC1C1CCCCC1,-0.97
92-24-0,c1c2cc3ccccc3cc2cc2ccccc21,-8.6
1992/6/8,c1c(cccc1-c1ccccc1)-c1ccccc1,-4.76
91-64-5,O=C1C=Cc2ccccc2O1,-3.01
91-63-4,Cc1ccc2ccccc2[n]1,-2.02
91-62-3,Cc1cc2ccc[n]c2cc1,-2.19
91-58-7,Clc1cc2ccccc2cc1,-1.91
91-57-6,Cc1cc2ccccc2cc1,-1.26
91-52-1,COc1cc(ccc1C(O)=O)OC,-2.45
91-22-5,c1cccc2[n]cccc21,-1.22
91-20-3,c1cccc2ccccc21,-1.07
1991/8/7,Cc1c(cccc1N=C=O)N=C=O,-1.68
91-01-0,OC(c1ccccc1)c1ccccc1,-4.56
90-43-7,Oc1ccccc1-c1ccccc1,-2.7
90-13-1,Clc1cccc2ccccc21,-1.54
90-12-0,Cc1cccc2ccccc21,-1.17
1990/11/9,Brc1cccc2ccccc21,-2.01
90-04-0,COc1ccccc1N,-1.1
1990/2/8,Oc1ccccc1C=O,-0.23
90-00-6,CCc1ccccc1O,-0.82
89-87-2,Cc1cc(C)c(cc1)[N+]([O-])=O,-1.24
89-83-8,Cc1ccc(C(C)C)c(O)c1,-2.66
89-82-7,CC(C)=C1CC[C@@H](C)CC1=O,-0.91
88-99-3,OC(=O)c1ccccc1C(O)=O,-6.2
88-95-9,O=C(Cl)c1ccccc1C(=O)Cl,-1.79
88-89-1,[O-][N+](=O)c1cc(c(O)c(c1)[N+]([O-])=O)[N+]([O-])=O,-6.12
88-74-4,Nc1ccccc1[N+]([O-])=O,-2.56
88-73-3,[O-][N+](=O)c1ccccc1Cl,-1.74
88-72-2,Cc1ccccc1[N+]([O-])=O,-0.73
88-18-6,CC(C)(C)c1ccccc1O,-1.05
88-16-4,FC(F)(F)c1ccccc1Cl,0.71
1988/9/5,CCC(CC)C(O)=O,-0.73
87-86-5,Oc1c(Cl)c(Cl)c(Cl)c(Cl)c1Cl,-3.96
87-85-4,Cc1c(C)c(C)c(C)c(C)c1C,-3.07
87-68-3,ClC(Cl)=C(Cl)C(Cl)=C(Cl)Cl,-0.66
87-65-0,Oc1c(Cl)cccc1Cl,-1.48
87-62-7,Cc1cccc(C)c1N,-0.89
87-61-6,Clc1c(Cl)cccc1Cl,-0.68
87-41-2,O=C1OCc2ccccc21,-2.7
86-74-8,c1cccc2[nH]c3ccccc3c21,-6.12
86-73-7,C1c2ccccc2-c2ccccc21,-3.22
86-50-0,COP(=S)(OC)SCN1N=Nc2ccccc2C1=O,-5.8
86-28-2,CC[n]1c2ccccc2c2ccccc12,-3.66
85-68-7,CCCCOC(=O)c1ccccc1C(=O)OCc1ccccc1,-5.08
1985/2/9,c1cccc2c3ccc[n]c3ccc21,-4.25
1985/1/8,c1cc2ccccc2c2ccccc21,-3.92
84-75-3,CCCCCCOC(=O)c1ccccc1C(=O)OCCCCCC,-4.85
84-66-2,CCOC(=O)c1ccccc1C(=O)OCC,-2.68
84-65-1,O=C1c2ccccc2C(=O)c2ccccc12,-6.94
84-64-0,CCCCOC(=O)c1ccccc1C(=O)OC1CCCCC1,-5.32
84-15-1,c1ccccc1-c1ccccc1-c1ccccc1,-3.6
83-41-0,Cc1cccc(c1C)[N+]([O-])=O,-0.44
83-34-1,Cc1c[nH]c2ccccc21,-2.26
82-68-8,[O-][N+](=O)c1c(Cl)c(Cl)c(Cl)c(Cl)c1Cl,-4.3
82-66-6,O=C(C1C(=O)c2ccccc2C1=O)C(c1ccccc1)c1ccccc1,-9.99
82-45-1,Nc1cccc2c1C(=O)c1ccccc1C2=O,-8.3
82-34-8,[O-][N+](=O)c1cccc2c1C(=O)c1ccccc1C2=O,-8.4
81-81-2,CC(=O)CC(C1=C(O)c2ccccc2OC1=O)c1ccccc1,-6.94
81-64-1,Oc1ccc(O)c2c1C(=O)c1ccccc1C2=O,-7.61
80-59-1,C/C(=C\C)/C(O)=O,-0.87
80-56-8,CC1=CCC2CC1C2(C)C,0.68
80-46-6,CC(C)(CC)c1ccc(O)cc1,-2.7
79-92-5,CC1(C)C2CC(CC2)C1=C,0.4
79-53-8,O=C(C(F)(F)Cl)C(F)(F)F,3.15
79-46-9,CC(C)[N+]([O-])=O,1.24
79-43-6,OC(=O)C(Cl)Cl,-0.75
79-41-4,CC(=C)C(O)=O,0
79-40-3,NC(=S)C(N)=S,-5.78
79-38-9,FC(F)=C(F)Cl,3.66
79-36-7,O=C(Cl)C(Cl)Cl,1.36
79-34-5,ClC(Cl)C(Cl)Cl,0.66
79-29-8,CC(C)C(C)C,2.37
79-27-6,BrC(Br)C(Br)Br,-1.7
79-24-3,CC[N+]([O-])=O,1.32
79-20-9,COC(C)=O,2.33
79-16-3,CNC(C)=O,-0.36
79-14-1,OCC(O)=O,-1.7
1979/10/7,C=CC(O)=O,0.6
1979/9/4,CCC(O)=O,0.55
1979/8/3,OC(=O)CBr,-0.93
79-05-0,CCC(N)=O,-1.42
1979/4/9,O=C(Cl)CCl,1.4
1979/2/7,O=CC(Cl)Cl,1.74
79-00-5,ClCC(Cl)Cl,1.36
78-99-9,CCC(Cl)Cl,1.83
78-97-7,CC(O)C#N,-0.92
78-95-5,CC(=O)CCl,1.08
78-93-3,CCC(C)=O,1.96
78-92-2,CCC(C)O,1.26
78-89-7,CC(Cl)CO,0.72
78-88-6,C=C(Cl)CCl,1.79
78-87-5,CC(Cl)CCl,1.73
78-85-3,CC(=C)C=O,2.19
78-84-2,CC(C)C=O,2.24
78-83-1,CC(C)CO,1.02
78-81-9,CC(C)CN,2.14
78-79-5,CC(=C)C=C,2.74
78-78-4,CCC(C)C,2.84
78-75-1,CC(Br)CBr,0.89
78-70-6,CC(C)=CCCC(C)(O)C=C,-0.8
78-67-1,CC(C)(C#N)/N=N/C(C)(C)C#N,-2.17
78-59-1,CC1CC(C)(C)CC(=O)C=1,-0.36
78-57-9,COP(=S)(OC)SCc1[n]c(N)[n]c(N)[n]1,-6.01
78-48-8,CCCCSP(=O)(SCCCC)SCCCC,-5.28
78-40-0,CCOP(=O)(OCC)OCC,-0.41
78-38-6,CCP(=O)(OCC)OCC,-1.14
78-28-4,CC(CC)(CC)OC(N)=O,-0.15
1978/10/4,CCO[Si](OCC)(OCC)OCC,0.27
78-08-0,CCO[Si](C=C)(OCC)OCC,0.36
77-93-0,CCOC(=O)C(O)(CC(=O)OCC)CC(=O)OCC,-3.16
77-81-6,CCOP(=O)(C#N)N(C)C,-1.15
77-78-1,COS(=O)(=O)OC,-0.17
77-76-9,CC(C)(OC)OC,2.01
77-74-7,CC(O)(CC)CC,0.75
77-73-6,C1C=CC2C3CC(C=C3)C21,0.36
77-47-4,ClC1(Cl)C(Cl)=C(Cl)C(Cl)=C1Cl,-1.22
76-44-8,ClC1(Cl)C2(Cl)C3C=CC(Cl)C3C1(Cl)C(Cl)=C2Cl,-3.4
76-37-9,OCC(F)(F)C(F)F,1.17
76-16-4,FC(F)(F)C(F)(F)F,4.4
76-15-3,FC(F)(F)C(F)(F)Cl,3.84
76-14-2,FC(F)(Cl)C(F)(F)Cl,3.3
76-12-0,FC(Cl)(Cl)C(F)(Cl)Cl,1.7
1976/11/9,FC(F)(Cl)C(Cl)(Cl)Cl,1.78
1976/6/2,[O-][N+](=O)C(Cl)(Cl)Cl,1.38
1976/3/9,OC(=O)C(Cl)(Cl)Cl,-1.22
1976/2/8,O=C(Cl)C(Cl)(Cl)Cl,1.33
1976/1/7,ClC(Cl)C(Cl)(Cl)Cl,0.54
75-98-9,CC(C)(C)C(O)=O,-0.3
75-97-8,CC(=O)C(C)(C)C,1.5
75-94-5,C=C[Si](Cl)(Cl)Cl,1.82
75-89-8,OCC(F)(F)F,1.85
75-87-6,O=CC(Cl)(Cl)Cl,1.7
75-86-5,CC(C)(O)C#N,-0.47
75-84-3,CC(C)(C)CO,1.2
75-83-2,CCC(C)(C)C,2.5
75-81-0,ClC(Cl)(Br)CBr,-0.05
75-78-5,C[Si](C)(Cl)Cl,2.16
75-77-4,C[Si](C)(C)Cl,2.37
75-76-3,C[Si](C)(C)C,2.86
75-73-0,FC(F)(F)F,5.24
75-72-9,FC(F)(F)Cl,4.33
75-71-8,FC(F)(Cl)Cl,3.69
75-68-3,CC(F)(F)Cl,3.41
75-66-1,CC(C)(C)S,2.26
75-65-0,CC(C)(C)O,1.61
75-63-8,FC(F)(F)Br,4.09
75-62-7,ClC(Cl)(Cl)Br,1.59
75-61-6,FC(F)(Br)Br,2.91
75-55-8,CC1CN1,2.15
75-54-7,C[SiH](Cl)Cl,2.63
75-52-5,C[N+]([O-])=O,1.55
75-46-7,FC(F)F,4.55
75-45-6,FC(F)Cl,3.86
75-44-5,O=C(Cl)Cl,3.15
75-38-7,C=C(F)F,4.48
75-37-6,CC(F)F,3.66
75-36-5,CC(=O)Cl,2.46
75-34-3,CC(Cl)Cl,2.36
75-33-2,CC(C)S,2.44
75-31-0,CC(C)N,2.76
75-29-6,CC(C)Cl,2.71
75-28-5,CC(C)C,3.42
75-26-3,CC(C)Br,2.34
75-21-8,C1CO1,3.12
75-19-4,C1CC1,3.73
75-18-3,CSC,2.7
1975/12/7,NC=O,-1.21
1975/11/6,ICI,0.08
1975/10/5,FCF,4.1
1975/8/1,CCS,2.72
75-07-0,CC=O,2.96
1975/5/8,CC#N,1.95
1975/3/6,CCI,2.13
1975/2/5,C=CF,4.3
1975/1/4,C=CCl,3.47
74-99-7,CC#C,3.63
74-98-6,CCC,3.85
74-97-5,ClCBr,2.15
74-95-3,BrCBr,1.65
74-93-1,CS,3.18
74-90-8,C#N,2.87
74-88-4,CI,2.61
74-87-3,CCl,3.63
74-86-2,C#C,4.56
74-84-0,CC,4.5
74-83-9,CBr,3.21
74-82-8,C,5.67
73-24-5,Nc1[n]c[n]c2[nH]c[n]c21,-10.35
72-55-9,ClC(Cl)=C(c1ccc(Cl)cc1)c1ccc(Cl)cc1,-5.22
72-54-8,ClC(Cl)C(c1ccc(Cl)cc1)c1ccc(Cl)cc1,-5.87
71-55-6,CC(Cl)(Cl)Cl,2.09
71-43-2,c1ccccc1,1.98
71-41-0,CCCCCO,0.34
71-23-8,CCCO,1.32
69-72-7,Oc1ccccc1C(O)=O,-4.09
1968/12/2,CN(C)C=O,0.59
67-72-1,ClC(Cl)(Cl)C(Cl)(Cl)Cl,-0.68
67-68-5,CS(C)=O,-0.21
67-66-3,ClC(Cl)Cl,2.29
67-63-0,CC(C)O,1.66
67-62-9,CON,2.46
67-56-1,CO,2.1
66-25-1,CCCCCC=O,1.05
66-22-8,O=C1C=CNC(=O)N1,-4.33
65-85-0,OC(=O)c1ccccc1,-3.15
64-19-7,CC(O)=O,1.2
64-18-6,OC=O,1.63
64-17-5,CCO,1.77
63-25-2,CNC(=O)Oc1cccc2ccccc21,-5.87
62-75-9,CN(C)N=O,0.43
62-73-7,COP(=O)(OC=C(Cl)Cl)OC,-1.8
62-53-3,Nc1ccccc1,-0.31
62-50-0,CCOS(C)(=O)=O,-0.69
62-44-2,CC(=O)Nc1ccc(cc1)OCC,-6.16
60-51-5,CNC(=O)CSP(=S)(OC)OC,-4.73
60-35-5,CC(N)=O,-1.4
60-33-3,CCCCC/C=C\C/C=C\CCCCCCCC(O)=O,-6.06
60-29-7,CCOCC,2.73
60-24-2,OCCS,0.24
1960/11/7,CN(C)c1ccc(cc1)N=Nc1ccccc1,-7.15
1960/9/3,Nc1ccc(cc1)/N=N/c1ccccc1,-5.85
60-00-4,OC(=O)CN(CC(O)=O)CCN(CC(O)=O)CC(O)=O,-11.82
59-50-7,Cc1cc(O)ccc1Cl,-1.3
58-90-2,Oc1c(Cl)cc(Cl)c(Cl)c1Cl,-3.18
57-55-6,CC(O)CO,-0.89
57-14-7,CN(C)N,2.21
1957/11/4,CCCCCCCCCCCCCCCCCC(O)=O,-6.14
1957/10/3,CCCCCCCCCCCCCCCC(O)=O,-6.42
1957/6/7,C=CCN=C=S,0.57
56-86-0,N[C@@H](CCC(O)=O)C(O)=O,-7.77
56-81-5,OC(CO)CO,-3.77
56-72-4,CC1c2ccc(cc2OC(=O)C=1Cl)OP(=S)(OCC)OCC,-7.01
56-49-5,Cc1ccc2cc3c(ccc4ccccc43)c3CCc1c32,-7.37
56-38-2,CCOP(=S)(Oc1ccc(cc1)[N+]([O-])=O)OCC,-5.18
56-23-5,ClC(Cl)(Cl)Cl,2.06
55-63-0,[O-][N+](=O)OC(CO[N+]([O-])=O)CO[N+]([O-])=O,-3.4
55-38-9,Cc1cc(ccc1SC)OP(=S)(OC)OC,-4.98
55-18-5,CCN(CC)N=O,-0.07
53-70-3,c1c2c3ccccc3ccc2cc2c3ccccc3ccc21,-9.02
53-19-0,ClC(Cl)C(c1ccccc1Cl)c1ccc(Cl)cc1,-5.71
52-68-6,COP(=O)(OC)C(O)C(Cl)(Cl)Cl,-5.11
51-79-6,CCOC(N)=O,-0.58
51-75-2,CN(CCCl)CCCl,-0.77
51-28-5,[O-][N+](=O)c1cc(ccc1O)[N+]([O-])=O,-3.41
50-73-7,OC(=O)c1cc(Cl)cc(Cl)c1Cl,-3.51
50-65-7,[O-][N+](=O)c1cc(Cl)c(cc1)NC(=O)c1cc(Cl)ccc1O,-10.83
50-45-3,OC(=O)c1cccc(Cl)c1Cl,-3.64
50-32-8,c1c2ccccc2c2ccc3cccc4ccc1c2c34,-8.26
50-31-7,OC(=O)c1c(Cl)c(Cl)ccc1Cl,-3.26
50-29-3,ClC(Cl)(Cl)C(c1ccc(Cl)cc1)c1ccc(Cl)cc1,-6.8
50-21-5,CC(O)C(O)=O,-1.09
87818-31-3,C[C@@]12CC[C@@](C[C@@H]1OCc1ccccc1C)(O2)C(C)C,-4.12
82657-04-3,CC1(C)[C@@H]([C@@H]1/C=C(\Cl)/C(F)(F)F)C(=O)OCc1cccc(-c2ccccc2)c1C,-6.74
78587-05-0,C[C@@H]1[C@H](SC(=O)N1C(=O)NC1CCCCC1)c1ccc(Cl)cc1,-7.59
76738-62-0,CC(C)(C)[C@@H](O)[C@@H](Cc1ccc(Cl)cc1)[n]1c[n]c[n]1,-8.12
72391-46-9,CCOC(=O)C1(C)OC(=O)N(c2cc(Cl)cc(Cl)c2)C1=O,-7.02
67306-03-0,CC(Cc1ccc(cc1)C(C)(C)C)CN1C[C@@H](C)O[C@@H](C)C1,-4.59
57837-19-1,COCC(=O)N(C(C)C(=O)OC)c1c(C)cccc1C,-4.93
1632-73-1,CC1(C)C(O)C2(C)CC1CC2,-1.2
591-49-1,CC1CCCCC=1,1.49
591-21-9,CC1CC(C)CCC1,1.3
583-57-3,CC1CCCCC1C,1.2
513-85-9,CC(O)C(C)O,-0.68
138-86-3,CC1CCC(CC=1)C(C)=C,0.22
121-43-7,COB(OC)OC,2.13
119-53-9,OC(C(=O)c1ccccc1)c1ccccc1,-5.28
110-57-6,ClC/C=C/CCl,0.57
107-93-7,CC=CC(O)=O,-0.54
106-24-1,CC(C)=CCC/C(/C)=C/CO,-1.52
104-46-1,CC=Cc1ccc(cc1)OC,-1.15
99-87-6,Cc1ccc(cc1)C(C)C,0.19
91-17-8,C1CCCC2CCCCC21,0.11
76-22-2,CC1(C)C2CC(=O)C1(C)CC2,-0.66
60-57-1,ClC1(Cl)[C@@]2(Cl)[C@@H]3[C@@H]4C[C@@H]([C@H]5O[C@H]54)[C@@H]3[C@]1(Cl)C(Cl)=C2Cl,-5.38
57-74-9,ClC1(Cl)C2(Cl)C3CC(Cl)C(Cl)C3C1(Cl)C(Cl)=C2Cl,-4.69
